CREATE DATABASE  IF NOT EXISTS `school-timetable-db-dev` /*!40100 DEFAULT CHARACTER SET utf8mb4 COLLATE utf8mb4_0900_ai_ci */ /*!80016 DEFAULT ENCRYPTION='N' */;
USE `school-timetable-db-dev`;
-- MySQL dump 10.13  Distrib 8.0.34, for Win64 (x86_64)
--
-- Host: 34.27.217.57    Database: school-timetable-db-dev
-- ------------------------------------------------------
-- Server version	8.0.31-google

/*!40101 SET @OLD_CHARACTER_SET_CLIENT=@@CHARACTER_SET_CLIENT */;
/*!40101 SET @OLD_CHARACTER_SET_RESULTS=@@CHARACTER_SET_RESULTS */;
/*!40101 SET @OLD_COLLATION_CONNECTION=@@COLLATION_CONNECTION */;
/*!50503 SET NAMES utf8 */;
/*!40103 SET @OLD_TIME_ZONE=@@TIME_ZONE */;
/*!40103 SET TIME_ZONE='+00:00' */;
/*!40014 SET @OLD_UNIQUE_CHECKS=@@UNIQUE_CHECKS, UNIQUE_CHECKS=0 */;
/*!40014 SET @OLD_FOREIGN_KEY_CHECKS=@@FOREIGN_KEY_CHECKS, FOREIGN_KEY_CHECKS=0 */;
/*!40101 SET @OLD_SQL_MODE=@@SQL_MODE, SQL_MODE='NO_AUTO_VALUE_ON_ZERO' */;
/*!40111 SET @OLD_SQL_NOTES=@@SQL_NOTES, SQL_NOTES=0 */;
SET @MYSQLDUMP_TEMP_LOG_BIN = @@SESSION.SQL_LOG_BIN;
SET @@SESSION.SQL_LOG_BIN= 0;

--
-- GTID state at the beginning of the backup 
--

SET @@GLOBAL.GTID_PURGED=/*!80000 '+'*/ '0ae2ccd9-bb2e-11ee-9a14-42010a400004:1-142577,
11cd8659-9f67-11ee-afa0-42010a400002:1-473106';

--
-- Table structure for table `_class_scheduleToteachers_responsibility`
--

DROP TABLE IF EXISTS `_class_scheduleToteachers_responsibility`;
/*!40101 SET @saved_cs_client     = @@character_set_client */;
/*!50503 SET character_set_client = utf8mb4 */;
CREATE TABLE `_class_scheduleToteachers_responsibility` (
  `A` varchar(191) COLLATE utf8mb4_unicode_ci NOT NULL,
  `B` int NOT NULL,
  UNIQUE KEY `_class_scheduleToteachers_responsibility_AB_unique` (`A`,`B`),
  KEY `_class_scheduleToteachers_responsibility_B_index` (`B`),
  CONSTRAINT `_class_scheduleToteachers_responsibility_A_fkey` FOREIGN KEY (`A`) REFERENCES `class_schedule` (`ClassID`) ON DELETE CASCADE ON UPDATE CASCADE,
  CONSTRAINT `_class_scheduleToteachers_responsibility_B_fkey` FOREIGN KEY (`B`) REFERENCES `teachers_responsibility` (`RespID`) ON DELETE CASCADE ON UPDATE CASCADE
) ENGINE=InnoDB DEFAULT CHARSET=utf8mb4 COLLATE=utf8mb4_unicode_ci;
/*!40101 SET character_set_client = @saved_cs_client */;

--
-- Dumping data for table `_class_scheduleToteachers_responsibility`
--

LOCK TABLES `_class_scheduleToteachers_responsibility` WRITE;
/*!40000 ALTER TABLE `_class_scheduleToteachers_responsibility` DISABLE KEYS */;
INSERT INTO `_class_scheduleToteachers_responsibility` VALUES ('1/2567-TUE2-ว21171-101',172),('1/2567-WED6-ว21171-102',173),('1/2567-THU4-ว21171-103',174),('1/2567-FRI2-อ21101-101',175),('1/2567-THU6-อ21101-101',175),('1/2567-TUE4-อ21101-101',175),('1/2567-FRI3-อ21101-102',176),('1/2567-MON6-อ21101-102',176),('1/2567-WED4-อ21101-102',176),('1/2567-MON4-อ21101-103',177),('1/2567-THU2-อ21101-103',177),('1/2567-WED6-อ21101-103',177),('1/2567-FRI1-ส21101-101',178),('1/2567-THU2-ส21101-101',178),('1/2567-WED3-ส21101-101',178),('1/2567-FRI6-ส21101-102',179),('1/2567-MON1-ส21101-102',179),('1/2567-WED2-ส21101-102',179),('1/2567-FRI2-ส21101-103',180),('1/2567-THU1-ส21101-103',180),('1/2567-TUE2-ส21101-103',180),('1/2567-TUE6-ง21101-101',181),('1/2567-FRI4-ง21101-102',182),('1/2567-MON7-ง21101-103',183),('1/2567-FRI6-พ21101-101',184),('1/2567-WED1-พ21101-102',185),('1/2567-FRI6-พ21101-103',186),('1/2567-FRI4-ค21101-101',187),('1/2567-MON1-ค21101-101',187),('1/2567-THU1-ค21101-101',187),('1/2567-MON2-ค21101-102',188),('1/2567-THU2-ค21101-102',188),('1/2567-TUE1-ค21101-102',188),('1/2567-FRI1-ค21101-103',189),('1/2567-THU3-ค21101-103',189),('1/2567-WED1-ค21101-103',189),('1/2567-FRI3-ท21101-101',190),('1/2567-MON2-ท21101-101',190),('1/2567-WED6-ท21101-101',190),('1/2567-THU6-ท21101-102',191),('1/2567-TUE2-ท21101-102',191),('1/2567-WED3-ท21101-102',191),('1/2567-FRI4-ท21101-103',192),('1/2567-MON6-ท21101-103',192),('1/2567-WED2-ท21101-103',192),('1/2567-MON3-ว21101-101',193),('1/2567-MON4-ว21101-101',193),('1/2567-WED4-ว21101-101',193),('1/2567-THU3-ว21101-102',194),('1/2567-THU4-ว21101-102',194),('1/2567-TUE6-ว21101-102',194),('1/2567-THU6-ว21101-103',195),('1/2567-TUE3-ว21101-103',195),('1/2567-TUE4-ว21101-103',195),('1/2567-THU4-พ21103-101',196),('1/2567-TUE4-พ21103-102',197),('1/2567-TUE6-พ21103-103',198),('1/2567-THU3-ศ21101-101',211),('1/2567-TUE3-ศ21101-101',211),('1/2567-MON7-ศ21101-102',212),('1/2567-THU1-ศ21101-102',212),('1/2567-MON3-ศ21101-103',213),('1/2567-TUE1-ศ21101-103',213),('1/2567-WED1-จ21201-101',215),('1/2567-WED2-จ21201-101',215),('1/2567-MON1-ค21201-103',218),('1/2567-MON2-ค21201-103',218),('1/2567-TUE1-ส21104-101',219),('1/2567-TUE3-ส21104-102',220),('1/2567-FRI3-ส21104-103',221),('1/2567-WED3-ว21201-103',223),('1/2567-WED4-ว21201-103',223),('1/2567-FRI8-จริยธรรม-101',227),('1/2567-FRI8-จริยธรรม-102',227),('1/2567-FRI8-จริยธรรม-103',227),('1/2567-FRI7-โครงงาน-101',228),('1/2567-FRI7-โครงงาน-102',228),('1/2567-FRI7-โครงงาน-103',228),('1/2567-FRI1-ท21201-102',229),('1/2567-FRI2-ท21201-102',229),('1/2567-MON6-พ21201-101',230),('1/2567-MON7-พ21201-101',230),('1/2567-MON3-ง21201-102',231),('1/2567-MON4-ง21201-102',231),('1/2567-FRI8-จริยธรรม-101',235),('1/2567-FRI8-จริยธรรม-102',235),('1/2567-FRI8-จริยธรรม-103',235),('1/2567-MON8-ชุมนุม-101',236),('1/2567-MON8-ชุมนุม-102',236),('1/2567-MON8-ชุมนุม-103',236),('1/2567-WED8-ลูกเสือ/ยุวกาชาด-101',237),('1/2567-WED8-ลูกเสือ/ยุวกาชาด-102',237),('1/2567-WED8-ลูกเสือ/ยุวกาชาด-103',237),('1/2567-WED7-แนะแนว-101',238),('1/2567-WED7-แนะแนว-102',238),('1/2567-WED7-แนะแนว-103',238),('1/2567-FRI7-โครงงาน-101',239),('1/2567-FRI7-โครงงาน-102',239),('1/2567-FRI7-โครงงาน-103',239),('1/2567-THU7-ศ20201-101',240),('1/2567-THU7-ศ20201-102',240),('1/2567-THU7-ศ20201-103',240),('1/2567-THU8-ศ20201-101',240),('1/2567-THU8-ศ20201-102',240),('1/2567-THU8-ศ20201-103',240),('1/2567-TUE7-ศ20201-101',240),('1/2567-TUE7-ศ20201-102',240),('1/2567-TUE7-ศ20201-103',240),('1/2567-TUE8-ศ20201-101',240),('1/2567-TUE8-ศ20201-102',240),('1/2567-TUE8-ศ20201-103',240),('1/2567-FRI8-จริยธรรม-101',241),('1/2567-FRI8-จริยธรรม-102',241),('1/2567-FRI8-จริยธรรม-103',241),('1/2567-MON8-ชุมนุม-101',242),('1/2567-MON8-ชุมนุม-102',242),('1/2567-MON8-ชุมนุม-103',242),('1/2567-WED8-ลูกเสือ/ยุวกาชาด-101',243),('1/2567-WED8-ลูกเสือ/ยุวกาชาด-102',243),('1/2567-WED8-ลูกเสือ/ยุวกาชาด-103',243),('1/2567-WED7-แนะแนว-101',244),('1/2567-WED7-แนะแนว-102',244),('1/2567-WED7-แนะแนว-103',244),('1/2567-THU7-ศ20201-101',245),('1/2567-THU7-ศ20201-102',245),('1/2567-THU7-ศ20201-103',245),('1/2567-THU8-ศ20201-101',245),('1/2567-THU8-ศ20201-102',245),('1/2567-THU8-ศ20201-103',245),('1/2567-TUE7-ศ20201-101',245),('1/2567-TUE7-ศ20201-102',245),('1/2567-TUE7-ศ20201-103',245),('1/2567-TUE8-ศ20201-101',245),('1/2567-TUE8-ศ20201-102',245),('1/2567-TUE8-ศ20201-103',245),('1/2567-FRI8-จริยธรรม-101',246),('1/2567-FRI8-จริยธรรม-102',246),('1/2567-FRI8-จริยธรรม-103',246),('1/2567-MON8-ชุมนุม-101',247),('1/2567-MON8-ชุมนุม-102',247),('1/2567-MON8-ชุมนุม-103',247),('1/2567-WED8-ลูกเสือ/ยุวกาชาด-101',248),('1/2567-WED8-ลูกเสือ/ยุวกาชาด-102',248),('1/2567-WED8-ลูกเสือ/ยุวกาชาด-103',248),('1/2567-THU7-ศ20201-101',249),('1/2567-THU7-ศ20201-102',249),('1/2567-THU7-ศ20201-103',249),('1/2567-THU8-ศ20201-101',249),('1/2567-THU8-ศ20201-102',249),('1/2567-THU8-ศ20201-103',249),('1/2567-TUE7-ศ20201-101',249),('1/2567-TUE7-ศ20201-102',249),('1/2567-TUE7-ศ20201-103',249),('1/2567-TUE8-ศ20201-101',249),('1/2567-TUE8-ศ20201-102',249),('1/2567-TUE8-ศ20201-103',249),('1/2567-WED7-แนะแนว-101',250),('1/2567-WED7-แนะแนว-102',250),('1/2567-WED7-แนะแนว-103',250),('1/2567-FRI7-โครงงาน-101',251),('1/2567-FRI7-โครงงาน-102',251),('1/2567-FRI7-โครงงาน-103',251),('1/2567-FRI8-จริยธรรม-101',252),('1/2567-FRI8-จริยธรรม-102',252),('1/2567-FRI8-จริยธรรม-103',252),('1/2567-MON8-ชุมนุม-101',253),('1/2567-MON8-ชุมนุม-102',253),('1/2567-MON8-ชุมนุม-103',253),('1/2567-WED8-ลูกเสือ/ยุวกาชาด-101',254),('1/2567-WED8-ลูกเสือ/ยุวกาชาด-102',254),('1/2567-WED8-ลูกเสือ/ยุวกาชาด-103',254),('1/2567-THU7-ศ20201-101',255),('1/2567-THU7-ศ20201-102',255),('1/2567-THU7-ศ20201-103',255),('1/2567-THU8-ศ20201-101',255),('1/2567-THU8-ศ20201-102',255),('1/2567-THU8-ศ20201-103',255),('1/2567-TUE7-ศ20201-101',255),('1/2567-TUE7-ศ20201-102',255),('1/2567-TUE7-ศ20201-103',255),('1/2567-TUE8-ศ20201-101',255),('1/2567-TUE8-ศ20201-102',255),('1/2567-TUE8-ศ20201-103',255),('1/2567-WED7-แนะแนว-101',256),('1/2567-WED7-แนะแนว-102',256),('1/2567-WED7-แนะแนว-103',256),('1/2567-FRI7-โครงงาน-101',257),('1/2567-FRI7-โครงงาน-102',257),('1/2567-FRI7-โครงงาน-103',257),('1/2567-FRI8-จริยธรรม-101',258),('1/2567-FRI8-จริยธรรม-102',258),('1/2567-FRI8-จริยธรรม-103',258),('1/2567-MON8-ชุมนุม-101',259),('1/2567-MON8-ชุมนุม-102',259),('1/2567-MON8-ชุมนุม-103',259),('1/2567-WED8-ลูกเสือ/ยุวกาชาด-101',260),('1/2567-WED8-ลูกเสือ/ยุวกาชาด-102',260),('1/2567-WED8-ลูกเสือ/ยุวกาชาด-103',260),('1/2567-THU7-ศ20201-101',261),('1/2567-THU7-ศ20201-102',261),('1/2567-THU7-ศ20201-103',261),('1/2567-THU8-ศ20201-101',261),('1/2567-THU8-ศ20201-102',261),('1/2567-THU8-ศ20201-103',261),('1/2567-TUE7-ศ20201-101',261),('1/2567-TUE7-ศ20201-102',261),('1/2567-TUE7-ศ20201-103',261),('1/2567-TUE8-ศ20201-101',261),('1/2567-TUE8-ศ20201-102',261),('1/2567-TUE8-ศ20201-103',261),('1/2567-WED7-แนะแนว-101',262),('1/2567-WED7-แนะแนว-102',262),('1/2567-WED7-แนะแนว-103',262),('1/2567-FRI7-โครงงาน-101',263),('1/2567-FRI7-โครงงาน-102',263),('1/2567-FRI7-โครงงาน-103',263),('1/2567-FRI8-จริยธรรม-101',264),('1/2567-FRI8-จริยธรรม-102',264),('1/2567-FRI8-จริยธรรม-103',264),('1/2567-MON8-ชุมนุม-101',265),('1/2567-MON8-ชุมนุม-102',265),('1/2567-MON8-ชุมนุม-103',265),('1/2567-WED8-ลูกเสือ/ยุวกาชาด-101',266),('1/2567-WED8-ลูกเสือ/ยุวกาชาด-102',266),('1/2567-WED8-ลูกเสือ/ยุวกาชาด-103',266),('1/2567-WED7-แนะแนว-101',267),('1/2567-WED7-แนะแนว-102',267),('1/2567-WED7-แนะแนว-103',267),('1/2567-FRI7-โครงงาน-101',268),('1/2567-FRI7-โครงงาน-102',268),('1/2567-FRI7-โครงงาน-103',268),('1/2567-THU7-ศ20201-101',269),('1/2567-THU7-ศ20201-102',269),('1/2567-THU7-ศ20201-103',269),('1/2567-THU8-ศ20201-101',269),('1/2567-THU8-ศ20201-102',269),('1/2567-THU8-ศ20201-103',269),('1/2567-TUE7-ศ20201-101',269),('1/2567-TUE7-ศ20201-102',269),('1/2567-TUE7-ศ20201-103',269),('1/2567-TUE8-ศ20201-101',269),('1/2567-TUE8-ศ20201-102',269),('1/2567-TUE8-ศ20201-103',269),('1/2567-FRI8-จริยธรรม-101',270),('1/2567-FRI8-จริยธรรม-102',270),('1/2567-FRI8-จริยธรรม-103',270),('1/2567-MON8-ชุมนุม-101',271),('1/2567-MON8-ชุมนุม-102',271),('1/2567-MON8-ชุมนุม-103',271),('1/2567-WED8-ลูกเสือ/ยุวกาชาด-101',272),('1/2567-WED8-ลูกเสือ/ยุวกาชาด-102',272),('1/2567-WED8-ลูกเสือ/ยุวกาชาด-103',272),('1/2567-THU7-ศ20201-101',273),('1/2567-THU7-ศ20201-102',273),('1/2567-THU7-ศ20201-103',273),('1/2567-THU8-ศ20201-101',273),('1/2567-THU8-ศ20201-102',273),('1/2567-THU8-ศ20201-103',273),('1/2567-TUE7-ศ20201-101',273),('1/2567-TUE7-ศ20201-102',273),('1/2567-TUE7-ศ20201-103',273),('1/2567-TUE8-ศ20201-101',273),('1/2567-TUE8-ศ20201-102',273),('1/2567-TUE8-ศ20201-103',273),('1/2567-WED7-แนะแนว-101',274),('1/2567-WED7-แนะแนว-102',274),('1/2567-WED7-แนะแนว-103',274),('1/2567-FRI7-โครงงาน-101',275),('1/2567-FRI7-โครงงาน-102',275),('1/2567-FRI7-โครงงาน-103',275),('1/2567-FRI8-จริยธรรม-101',276),('1/2567-FRI8-จริยธรรม-102',276),('1/2567-FRI8-จริยธรรม-103',276),('1/2567-MON8-ชุมนุม-101',277),('1/2567-MON8-ชุมนุม-102',277),('1/2567-MON8-ชุมนุม-103',277),('1/2567-WED8-ลูกเสือ/ยุวกาชาด-101',278),('1/2567-WED8-ลูกเสือ/ยุวกาชาด-102',278),('1/2567-WED8-ลูกเสือ/ยุวกาชาด-103',278),('1/2567-THU7-ศ20201-101',279),('1/2567-THU7-ศ20201-102',279),('1/2567-THU7-ศ20201-103',279),('1/2567-THU8-ศ20201-101',279),('1/2567-THU8-ศ20201-102',279),('1/2567-THU8-ศ20201-103',279),('1/2567-TUE7-ศ20201-101',279),('1/2567-TUE7-ศ20201-102',279),('1/2567-TUE7-ศ20201-103',279),('1/2567-TUE8-ศ20201-101',279),('1/2567-TUE8-ศ20201-102',279),('1/2567-TUE8-ศ20201-103',279),('1/2567-WED7-แนะแนว-101',280),('1/2567-WED7-แนะแนว-102',280),('1/2567-WED7-แนะแนว-103',280),('1/2567-FRI7-โครงงาน-101',281),('1/2567-FRI7-โครงงาน-102',281),('1/2567-FRI7-โครงงาน-103',281),('1/2567-FRI8-จริยธรรม-101',282),('1/2567-FRI8-จริยธรรม-102',282),('1/2567-FRI8-จริยธรรม-103',282),('1/2567-MON8-ชุมนุม-101',283),('1/2567-MON8-ชุมนุม-102',283),('1/2567-MON8-ชุมนุม-103',283),('1/2567-WED8-ลูกเสือ/ยุวกาชาด-101',284),('1/2567-WED8-ลูกเสือ/ยุวกาชาด-102',284),('1/2567-WED8-ลูกเสือ/ยุวกาชาด-103',284),('1/2567-THU7-ศ20201-101',285),('1/2567-THU7-ศ20201-102',285),('1/2567-THU7-ศ20201-103',285),('1/2567-THU8-ศ20201-101',285),('1/2567-THU8-ศ20201-102',285),('1/2567-THU8-ศ20201-103',285),('1/2567-TUE7-ศ20201-101',285),('1/2567-TUE7-ศ20201-102',285),('1/2567-TUE7-ศ20201-103',285),('1/2567-TUE8-ศ20201-101',285),('1/2567-TUE8-ศ20201-102',285),('1/2567-TUE8-ศ20201-103',285),('1/2567-WED7-แนะแนว-101',286),('1/2567-WED7-แนะแนว-102',286),('1/2567-WED7-แนะแนว-103',286),('1/2567-FRI7-โครงงาน-101',287),('1/2567-FRI7-โครงงาน-102',287),('1/2567-FRI7-โครงงาน-103',287),('1/2567-FRI8-จริยธรรม-101',288),('1/2567-FRI8-จริยธรรม-102',288),('1/2567-FRI8-จริยธรรม-103',288),('1/2567-MON8-ชุมนุม-101',289),('1/2567-MON8-ชุมนุม-102',289),('1/2567-MON8-ชุมนุม-103',289),('1/2567-WED8-ลูกเสือ/ยุวกาชาด-101',290),('1/2567-WED8-ลูกเสือ/ยุวกาชาด-102',290),('1/2567-WED8-ลูกเสือ/ยุวกาชาด-103',290),('1/2567-WED7-แนะแนว-101',291),('1/2567-WED7-แนะแนว-102',291),('1/2567-WED7-แนะแนว-103',291),('1/2567-FRI7-โครงงาน-101',292),('1/2567-FRI7-โครงงาน-102',292),('1/2567-FRI7-โครงงาน-103',292),('1/2567-THU7-ศ20201-101',293),('1/2567-THU7-ศ20201-102',293),('1/2567-THU7-ศ20201-103',293),('1/2567-THU8-ศ20201-101',293),('1/2567-THU8-ศ20201-102',293),('1/2567-THU8-ศ20201-103',293),('1/2567-TUE7-ศ20201-101',293),('1/2567-TUE7-ศ20201-102',293),('1/2567-TUE7-ศ20201-103',293),('1/2567-TUE8-ศ20201-101',293),('1/2567-TUE8-ศ20201-102',293),('1/2567-TUE8-ศ20201-103',293),('1/2567-WED8-ลูกเสือ/ยุวกาชาด-101',294),('1/2567-WED8-ลูกเสือ/ยุวกาชาด-102',294),('1/2567-WED8-ลูกเสือ/ยุวกาชาด-103',294),('1/2567-FRI8-จริยธรรม-101',295),('1/2567-FRI8-จริยธรรม-102',295),('1/2567-FRI8-จริยธรรม-103',295),('1/2567-MON8-ชุมนุม-101',296),('1/2567-MON8-ชุมนุม-102',296),('1/2567-MON8-ชุมนุม-103',296),('1/2567-THU7-ศ20201-101',297),('1/2567-THU7-ศ20201-102',297),('1/2567-THU7-ศ20201-103',297),('1/2567-THU8-ศ20201-101',297),('1/2567-THU8-ศ20201-102',297),('1/2567-THU8-ศ20201-103',297),('1/2567-TUE7-ศ20201-101',297),('1/2567-TUE7-ศ20201-102',297),('1/2567-TUE7-ศ20201-103',297),('1/2567-TUE8-ศ20201-101',297),('1/2567-TUE8-ศ20201-102',297),('1/2567-TUE8-ศ20201-103',297),('1/2567-WED7-แนะแนว-101',298),('1/2567-WED7-แนะแนว-102',298),('1/2567-WED7-แนะแนว-103',298),('1/2567-FRI7-โครงงาน-101',299),('1/2567-FRI7-โครงงาน-102',299),('1/2567-FRI7-โครงงาน-103',299),('1/2567-THU7-ศ20201-101',300),('1/2567-THU7-ศ20201-102',300),('1/2567-THU7-ศ20201-103',300),('1/2567-THU8-ศ20201-101',300),('1/2567-THU8-ศ20201-102',300),('1/2567-THU8-ศ20201-103',300),('1/2567-TUE7-ศ20201-101',300),('1/2567-TUE7-ศ20201-102',300),('1/2567-TUE7-ศ20201-103',300),('1/2567-TUE8-ศ20201-101',300),('1/2567-TUE8-ศ20201-102',300),('1/2567-TUE8-ศ20201-103',300),('1/2567-FRI8-จริยธรรม-101',301),('1/2567-FRI8-จริยธรรม-102',301),('1/2567-FRI8-จริยธรรม-103',301),('1/2567-MON8-ชุมนุม-101',302),('1/2567-MON8-ชุมนุม-102',302),('1/2567-MON8-ชุมนุม-103',302),('1/2567-WED8-ลูกเสือ/ยุวกาชาด-101',303),('1/2567-WED8-ลูกเสือ/ยุวกาชาด-102',303),('1/2567-WED8-ลูกเสือ/ยุวกาชาด-103',303),('1/2567-WED7-แนะแนว-101',304),('1/2567-WED7-แนะแนว-102',304),('1/2567-WED7-แนะแนว-103',304),('1/2567-FRI7-โครงงาน-101',305),('1/2567-FRI7-โครงงาน-102',305),('1/2567-FRI7-โครงงาน-103',305),('1/2567-FRI8-จริยธรรม-101',306),('1/2567-FRI8-จริยธรรม-102',306),('1/2567-FRI8-จริยธรรม-103',306),('1/2567-MON8-ชุมนุม-101',307),('1/2567-MON8-ชุมนุม-102',307),('1/2567-MON8-ชุมนุม-103',307),('1/2567-WED8-ลูกเสือ/ยุวกาชาด-101',308),('1/2567-WED8-ลูกเสือ/ยุวกาชาด-102',308),('1/2567-WED8-ลูกเสือ/ยุวกาชาด-103',308),('1/2567-THU7-ศ20201-101',309),('1/2567-THU7-ศ20201-102',309),('1/2567-THU7-ศ20201-103',309),('1/2567-THU8-ศ20201-101',309),('1/2567-THU8-ศ20201-102',309),('1/2567-THU8-ศ20201-103',309),('1/2567-TUE7-ศ20201-101',309),('1/2567-TUE7-ศ20201-102',309),('1/2567-TUE7-ศ20201-103',309),('1/2567-TUE8-ศ20201-101',309),('1/2567-TUE8-ศ20201-102',309),('1/2567-TUE8-ศ20201-103',309),('1/2567-WED7-แนะแนว-101',310),('1/2567-WED7-แนะแนว-102',310),('1/2567-WED7-แนะแนว-103',310),('1/2567-FRI7-โครงงาน-101',311),('1/2567-FRI7-โครงงาน-102',311),('1/2567-FRI7-โครงงาน-103',311),('1/2567-MON8-ชุมนุม-101',312),('1/2567-MON8-ชุมนุม-102',312),('1/2567-MON8-ชุมนุม-103',312),('1/2567-FRI8-จริยธรรม-101',313),('1/2567-FRI8-จริยธรรม-102',313),('1/2567-FRI8-จริยธรรม-103',313),('1/2567-WED8-ลูกเสือ/ยุวกาชาด-101',314),('1/2567-WED8-ลูกเสือ/ยุวกาชาด-102',314),('1/2567-WED8-ลูกเสือ/ยุวกาชาด-103',314),('1/2567-WED7-แนะแนว-101',315),('1/2567-WED7-แนะแนว-102',315),('1/2567-WED7-แนะแนว-103',315),('1/2567-FRI7-โครงงาน-101',316),('1/2567-FRI7-โครงงาน-102',316),('1/2567-FRI7-โครงงาน-103',316),('1/2567-THU7-ศ20201-101',317),('1/2567-THU7-ศ20201-102',317),('1/2567-THU7-ศ20201-103',317),('1/2567-THU8-ศ20201-101',317),('1/2567-THU8-ศ20201-102',317),('1/2567-THU8-ศ20201-103',317),('1/2567-TUE7-ศ20201-101',317),('1/2567-TUE7-ศ20201-102',317),('1/2567-TUE7-ศ20201-103',317),('1/2567-TUE8-ศ20201-101',317),('1/2567-TUE8-ศ20201-102',317),('1/2567-TUE8-ศ20201-103',317),('1/2567-FRI8-จริยธรรม-101',318),('1/2567-FRI8-จริยธรรม-102',318),('1/2567-FRI8-จริยธรรม-103',318),('1/2567-MON8-ชุมนุม-101',319),('1/2567-MON8-ชุมนุม-102',319),('1/2567-MON8-ชุมนุม-103',319),('1/2567-WED8-ลูกเสือ/ยุวกาชาด-101',320),('1/2567-WED8-ลูกเสือ/ยุวกาชาด-102',320),('1/2567-WED8-ลูกเสือ/ยุวกาชาด-103',320),('1/2567-THU7-ศ20201-101',321),('1/2567-THU7-ศ20201-102',321),('1/2567-THU7-ศ20201-103',321),('1/2567-THU8-ศ20201-101',321),('1/2567-THU8-ศ20201-102',321),('1/2567-THU8-ศ20201-103',321),('1/2567-TUE7-ศ20201-101',321),('1/2567-TUE7-ศ20201-102',321),('1/2567-TUE7-ศ20201-103',321),('1/2567-TUE8-ศ20201-101',321),('1/2567-TUE8-ศ20201-102',321),('1/2567-TUE8-ศ20201-103',321),('1/2567-WED7-แนะแนว-101',322),('1/2567-WED7-แนะแนว-102',322),('1/2567-WED7-แนะแนว-103',322),('1/2567-FRI7-โครงงาน-101',323),('1/2567-FRI7-โครงงาน-102',323),('1/2567-FRI7-โครงงาน-103',323),('1/2567-MON8-ชุมนุม-101',324),('1/2567-MON8-ชุมนุม-102',324),('1/2567-MON8-ชุมนุม-103',324),('1/2567-FRI8-จริยธรรม-101',325),('1/2567-FRI8-จริยธรรม-102',325),('1/2567-FRI8-จริยธรรม-103',325),('1/2567-WED8-ลูกเสือ/ยุวกาชาด-101',326),('1/2567-WED8-ลูกเสือ/ยุวกาชาด-102',326),('1/2567-WED8-ลูกเสือ/ยุวกาชาด-103',326),('1/2567-WED7-แนะแนว-101',327),('1/2567-WED7-แนะแนว-102',327),('1/2567-WED7-แนะแนว-103',327),('1/2567-FRI7-โครงงาน-101',328),('1/2567-FRI7-โครงงาน-102',328),('1/2567-FRI7-โครงงาน-103',328),('1/2567-THU7-ศ20201-101',329),('1/2567-THU7-ศ20201-102',329),('1/2567-THU7-ศ20201-103',329),('1/2567-THU8-ศ20201-101',329),('1/2567-THU8-ศ20201-102',329),('1/2567-THU8-ศ20201-103',329),('1/2567-TUE7-ศ20201-101',329),('1/2567-TUE7-ศ20201-102',329),('1/2567-TUE7-ศ20201-103',329),('1/2567-TUE8-ศ20201-101',329),('1/2567-TUE8-ศ20201-102',329),('1/2567-TUE8-ศ20201-103',329),('1/2567-MON8-ชุมนุม-101',330),('1/2567-MON8-ชุมนุม-102',330),('1/2567-MON8-ชุมนุม-103',330),('1/2567-WED8-ลูกเสือ/ยุวกาชาด-101',331),('1/2567-WED8-ลูกเสือ/ยุวกาชาด-102',331),('1/2567-WED8-ลูกเสือ/ยุวกาชาด-103',331),('1/2567-FRI8-จริยธรรม-101',332),('1/2567-FRI8-จริยธรรม-102',332),('1/2567-FRI8-จริยธรรม-103',332),('1/2567-THU7-ศ20201-101',333),('1/2567-THU7-ศ20201-102',333),('1/2567-THU7-ศ20201-103',333),('1/2567-THU8-ศ20201-101',333),('1/2567-THU8-ศ20201-102',333),('1/2567-THU8-ศ20201-103',333),('1/2567-TUE7-ศ20201-101',333),('1/2567-TUE7-ศ20201-102',333),('1/2567-TUE7-ศ20201-103',333),('1/2567-TUE8-ศ20201-101',333),('1/2567-TUE8-ศ20201-102',333),('1/2567-TUE8-ศ20201-103',333),('1/2567-WED7-แนะแนว-101',334),('1/2567-WED7-แนะแนว-102',334),('1/2567-WED7-แนะแนว-103',334),('1/2567-FRI7-โครงงาน-101',335),('1/2567-FRI7-โครงงาน-102',335),('1/2567-FRI7-โครงงาน-103',335),('1/2567-MON8-ชุมนุม-101',336),('1/2567-MON8-ชุมนุม-102',336),('1/2567-MON8-ชุมนุม-103',336),('1/2567-WED8-ลูกเสือ/ยุวกาชาด-101',337),('1/2567-WED8-ลูกเสือ/ยุวกาชาด-102',337),('1/2567-WED8-ลูกเสือ/ยุวกาชาด-103',337),('1/2567-THU7-ศ20201-101',338),('1/2567-THU7-ศ20201-102',338),('1/2567-THU7-ศ20201-103',338),('1/2567-THU8-ศ20201-101',338),('1/2567-THU8-ศ20201-102',338),('1/2567-THU8-ศ20201-103',338),('1/2567-TUE7-ศ20201-101',338),('1/2567-TUE7-ศ20201-102',338),('1/2567-TUE7-ศ20201-103',338),('1/2567-TUE8-ศ20201-101',338),('1/2567-TUE8-ศ20201-102',338),('1/2567-TUE8-ศ20201-103',338),('1/2567-FRI8-จริยธรรม-101',339),('1/2567-FRI8-จริยธรรม-102',339),('1/2567-FRI8-จริยธรรม-103',339),('1/2567-WED7-แนะแนว-101',340),('1/2567-WED7-แนะแนว-102',340),('1/2567-WED7-แนะแนว-103',340),('1/2567-FRI7-โครงงาน-101',341),('1/2567-FRI7-โครงงาน-102',341),('1/2567-FRI7-โครงงาน-103',341),('1/2567-FRI8-จริยธรรม-101',342),('1/2567-FRI8-จริยธรรม-102',342),('1/2567-FRI8-จริยธรรม-103',342),('1/2567-MON8-ชุมนุม-101',343),('1/2567-MON8-ชุมนุม-102',343),('1/2567-MON8-ชุมนุม-103',343),('1/2567-WED8-ลูกเสือ/ยุวกาชาด-101',344),('1/2567-WED8-ลูกเสือ/ยุวกาชาด-102',344),('1/2567-WED8-ลูกเสือ/ยุวกาชาด-103',344),('1/2567-WED7-แนะแนว-101',345),('1/2567-WED7-แนะแนว-102',345),('1/2567-WED7-แนะแนว-103',345),('1/2567-THU7-ศ20201-101',346),('1/2567-THU7-ศ20201-102',346),('1/2567-THU7-ศ20201-103',346),('1/2567-THU8-ศ20201-101',346),('1/2567-THU8-ศ20201-102',346),('1/2567-THU8-ศ20201-103',346),('1/2567-TUE7-ศ20201-101',346),('1/2567-TUE7-ศ20201-102',346),('1/2567-TUE7-ศ20201-103',346),('1/2567-TUE8-ศ20201-101',346),('1/2567-TUE8-ศ20201-102',346),('1/2567-TUE8-ศ20201-103',346),('1/2567-FRI7-โครงงาน-101',347),('1/2567-FRI7-โครงงาน-102',347),('1/2567-FRI7-โครงงาน-103',347),('1/2567-FRI8-จริยธรรม-101',348),('1/2567-FRI8-จริยธรรม-102',348),('1/2567-FRI8-จริยธรรม-103',348),('1/2567-MON8-ชุมนุม-101',349),('1/2567-MON8-ชุมนุม-102',349),('1/2567-MON8-ชุมนุม-103',349),('1/2567-WED8-ลูกเสือ/ยุวกาชาด-101',350),('1/2567-WED8-ลูกเสือ/ยุวกาชาด-102',350),('1/2567-WED8-ลูกเสือ/ยุวกาชาด-103',350),('1/2567-THU7-ศ20201-101',351),('1/2567-THU7-ศ20201-102',351),('1/2567-THU7-ศ20201-103',351),('1/2567-THU8-ศ20201-101',351),('1/2567-THU8-ศ20201-102',351),('1/2567-THU8-ศ20201-103',351),('1/2567-TUE7-ศ20201-101',351),('1/2567-TUE7-ศ20201-102',351),('1/2567-TUE7-ศ20201-103',351),('1/2567-TUE8-ศ20201-101',351),('1/2567-TUE8-ศ20201-102',351),('1/2567-TUE8-ศ20201-103',351),('1/2567-WED7-แนะแนว-101',352),('1/2567-WED7-แนะแนว-102',352),('1/2567-WED7-แนะแนว-103',352),('1/2567-FRI7-โครงงาน-101',353),('1/2567-FRI7-โครงงาน-102',353),('1/2567-FRI7-โครงงาน-103',353),('1/2567-MON8-ชุมนุม-101',354),('1/2567-MON8-ชุมนุม-102',354),('1/2567-MON8-ชุมนุม-103',354),('1/2567-FRI8-จริยธรรม-101',355),('1/2567-FRI8-จริยธรรม-102',355),('1/2567-FRI8-จริยธรรม-103',355),('1/2567-WED8-ลูกเสือ/ยุวกาชาด-101',356),('1/2567-WED8-ลูกเสือ/ยุวกาชาด-102',356),('1/2567-WED8-ลูกเสือ/ยุวกาชาด-103',356),('1/2567-WED7-แนะแนว-101',357),('1/2567-WED7-แนะแนว-102',357),('1/2567-WED7-แนะแนว-103',357),('1/2567-FRI7-โครงงาน-101',358),('1/2567-FRI7-โครงงาน-102',358),('1/2567-FRI7-โครงงาน-103',358),('1/2567-THU7-ศ20201-101',359),('1/2567-THU7-ศ20201-102',359),('1/2567-THU7-ศ20201-103',359),('1/2567-THU8-ศ20201-101',359),('1/2567-THU8-ศ20201-102',359),('1/2567-THU8-ศ20201-103',359),('1/2567-TUE7-ศ20201-101',359),('1/2567-TUE7-ศ20201-102',359),('1/2567-TUE7-ศ20201-103',359),('1/2567-TUE8-ศ20201-101',359),('1/2567-TUE8-ศ20201-102',359),('1/2567-TUE8-ศ20201-103',359),('1/2567-MON8-ชุมนุม-101',360),('1/2567-MON8-ชุมนุม-102',360),('1/2567-MON8-ชุมนุม-103',360),('1/2567-WED8-ลูกเสือ/ยุวกาชาด-101',361),('1/2567-WED8-ลูกเสือ/ยุวกาชาด-102',361),('1/2567-WED8-ลูกเสือ/ยุวกาชาด-103',361),('1/2567-THU7-ศ20201-101',362),('1/2567-THU7-ศ20201-102',362),('1/2567-THU7-ศ20201-103',362),('1/2567-THU8-ศ20201-101',362),('1/2567-THU8-ศ20201-102',362),('1/2567-THU8-ศ20201-103',362),('1/2567-TUE7-ศ20201-101',362),('1/2567-TUE7-ศ20201-102',362),('1/2567-TUE7-ศ20201-103',362),('1/2567-TUE8-ศ20201-101',362),('1/2567-TUE8-ศ20201-102',362),('1/2567-TUE8-ศ20201-103',362),('1/2567-WED7-แนะแนว-101',363),('1/2567-WED7-แนะแนว-102',363),('1/2567-WED7-แนะแนว-103',363),('1/2567-MON8-ชุมนุม-101',364),('1/2567-MON8-ชุมนุม-102',364),('1/2567-MON8-ชุมนุม-103',364),('1/2567-FRI8-จริยธรรม-101',365),('1/2567-FRI8-จริยธรรม-102',365),('1/2567-FRI8-จริยธรรม-103',365),('1/2567-WED8-ลูกเสือ/ยุวกาชาด-101',366),('1/2567-WED8-ลูกเสือ/ยุวกาชาด-102',366),('1/2567-WED8-ลูกเสือ/ยุวกาชาด-103',366),('1/2567-WED7-แนะแนว-101',367),('1/2567-WED7-แนะแนว-102',367),('1/2567-WED7-แนะแนว-103',367),('1/2567-FRI7-โครงงาน-101',368),('1/2567-FRI7-โครงงาน-102',368),('1/2567-FRI7-โครงงาน-103',368),('1/2567-THU7-ศ20201-101',369),('1/2567-THU7-ศ20201-102',369),('1/2567-THU7-ศ20201-103',369),('1/2567-THU8-ศ20201-101',369),('1/2567-THU8-ศ20201-102',369),('1/2567-THU8-ศ20201-103',369),('1/2567-TUE7-ศ20201-101',369),('1/2567-TUE7-ศ20201-102',369),('1/2567-TUE7-ศ20201-103',369),('1/2567-TUE8-ศ20201-101',369),('1/2567-TUE8-ศ20201-102',369),('1/2567-TUE8-ศ20201-103',369),('1/2567-FRI8-จริยธรรม-101',370),('1/2567-FRI8-จริยธรรม-102',370),('1/2567-FRI8-จริยธรรม-103',370),('1/2567-MON8-ชุมนุม-101',371),('1/2567-MON8-ชุมนุม-102',371),('1/2567-MON8-ชุมนุม-103',371),('1/2567-WED8-ลูกเสือ/ยุวกาชาด-101',372),('1/2567-WED8-ลูกเสือ/ยุวกาชาด-102',372),('1/2567-WED8-ลูกเสือ/ยุวกาชาด-103',372),('1/2567-WED7-แนะแนว-101',373),('1/2567-WED7-แนะแนว-102',373),('1/2567-WED7-แนะแนว-103',373),('1/2567-FRI7-โครงงาน-101',374),('1/2567-FRI7-โครงงาน-102',374),('1/2567-FRI7-โครงงาน-103',374),('1/2567-THU7-ศ20201-101',375),('1/2567-THU7-ศ20201-102',375),('1/2567-THU7-ศ20201-103',375),('1/2567-THU8-ศ20201-101',375),('1/2567-THU8-ศ20201-102',375),('1/2567-THU8-ศ20201-103',375),('1/2567-TUE7-ศ20201-101',375),('1/2567-TUE7-ศ20201-102',375),('1/2567-TUE7-ศ20201-103',375),('1/2567-TUE8-ศ20201-101',375),('1/2567-TUE8-ศ20201-102',375),('1/2567-TUE8-ศ20201-103',375),('1/2567-MON8-ชุมนุม-101',376),('1/2567-MON8-ชุมนุม-102',376),('1/2567-MON8-ชุมนุม-103',376),('1/2567-WED8-ลูกเสือ/ยุวกาชาด-101',377),('1/2567-WED8-ลูกเสือ/ยุวกาชาด-102',377),('1/2567-WED8-ลูกเสือ/ยุวกาชาด-103',377),('1/2567-FRI8-จริยธรรม-101',378),('1/2567-FRI8-จริยธรรม-102',378),('1/2567-FRI8-จริยธรรม-103',378),('1/2567-THU7-ศ20201-101',379),('1/2567-THU7-ศ20201-102',379),('1/2567-THU7-ศ20201-103',379),('1/2567-THU8-ศ20201-101',379),('1/2567-THU8-ศ20201-102',379),('1/2567-THU8-ศ20201-103',379),('1/2567-TUE7-ศ20201-101',379),('1/2567-TUE7-ศ20201-102',379),('1/2567-TUE7-ศ20201-103',379),('1/2567-TUE8-ศ20201-101',379),('1/2567-TUE8-ศ20201-102',379),('1/2567-TUE8-ศ20201-103',379),('1/2567-WED7-แนะแนว-101',380),('1/2567-WED7-แนะแนว-102',380),('1/2567-WED7-แนะแนว-103',380),('1/2567-FRI7-โครงงาน-101',381),('1/2567-FRI7-โครงงาน-102',381),('1/2567-FRI7-โครงงาน-103',381),('1/2567-FRI8-จริยธรรม-101',382),('1/2567-FRI8-จริยธรรม-102',382),('1/2567-FRI8-จริยธรรม-103',382),('1/2567-MON8-ชุมนุม-101',383),('1/2567-MON8-ชุมนุม-102',383),('1/2567-MON8-ชุมนุม-103',383),('1/2567-WED8-ลูกเสือ/ยุวกาชาด-101',384),('1/2567-WED8-ลูกเสือ/ยุวกาชาด-102',384),('1/2567-WED8-ลูกเสือ/ยุวกาชาด-103',384),('1/2567-THU7-ศ20201-101',385),('1/2567-THU7-ศ20201-102',385),('1/2567-THU7-ศ20201-103',385),('1/2567-THU8-ศ20201-101',385),('1/2567-THU8-ศ20201-102',385),('1/2567-THU8-ศ20201-103',385),('1/2567-TUE7-ศ20201-101',385),('1/2567-TUE7-ศ20201-102',385),('1/2567-TUE7-ศ20201-103',385),('1/2567-TUE8-ศ20201-101',385),('1/2567-TUE8-ศ20201-102',385),('1/2567-TUE8-ศ20201-103',385),('1/2567-WED7-แนะแนว-101',386),('1/2567-WED7-แนะแนว-102',386),('1/2567-WED7-แนะแนว-103',386),('1/2567-FRI7-โครงงาน-101',387),('1/2567-FRI7-โครงงาน-102',387),('1/2567-FRI7-โครงงาน-103',387),('1/2567-THU7-ศ20201-101',388),('1/2567-THU7-ศ20201-102',388),('1/2567-THU7-ศ20201-103',388),('1/2567-THU8-ศ20201-101',388),('1/2567-THU8-ศ20201-102',388),('1/2567-THU8-ศ20201-103',388),('1/2567-TUE7-ศ20201-101',388),('1/2567-TUE7-ศ20201-102',388),('1/2567-TUE7-ศ20201-103',388),('1/2567-TUE8-ศ20201-101',388),('1/2567-TUE8-ศ20201-102',388),('1/2567-TUE8-ศ20201-103',388),('1/2567-MON8-ชุมนุม-101',389),('1/2567-MON8-ชุมนุม-102',389),('1/2567-MON8-ชุมนุม-103',389),('1/2567-WED8-ลูกเสือ/ยุวกาชาด-101',390),('1/2567-WED8-ลูกเสือ/ยุวกาชาด-102',390),('1/2567-WED8-ลูกเสือ/ยุวกาชาด-103',390),('1/2567-WED7-แนะแนว-101',391),('1/2567-WED7-แนะแนว-102',391),('1/2567-WED7-แนะแนว-103',391),('1/2567-FRI7-โครงงาน-101',392),('1/2567-FRI7-โครงงาน-102',392),('1/2567-FRI7-โครงงาน-103',392),('1/2567-FRI8-จริยธรรม-101',393),('1/2567-FRI8-จริยธรรม-102',393),('1/2567-FRI8-จริยธรรม-103',393),('1/2567-THU7-ศ20201-101',394),('1/2567-THU7-ศ20201-102',394),('1/2567-THU7-ศ20201-103',394),('1/2567-THU8-ศ20201-101',394),('1/2567-THU8-ศ20201-102',394),('1/2567-THU8-ศ20201-103',394),('1/2567-TUE7-ศ20201-101',394),('1/2567-TUE7-ศ20201-102',394),('1/2567-TUE7-ศ20201-103',394),('1/2567-TUE8-ศ20201-101',394),('1/2567-TUE8-ศ20201-102',394),('1/2567-TUE8-ศ20201-103',394),('1/2567-FRI8-จริยธรรม-101',395),('1/2567-FRI8-จริยธรรม-102',395),('1/2567-FRI8-จริยธรรม-103',395),('1/2567-MON8-ชุมนุม-101',396),('1/2567-MON8-ชุมนุม-102',396),('1/2567-MON8-ชุมนุม-103',396),('1/2567-WED8-ลูกเสือ/ยุวกาชาด-101',397),('1/2567-WED8-ลูกเสือ/ยุวกาชาด-102',397),('1/2567-WED8-ลูกเสือ/ยุวกาชาด-103',397),('1/2567-WED7-แนะแนว-101',398),('1/2567-WED7-แนะแนว-102',398),('1/2567-WED7-แนะแนว-103',398),('1/2567-FRI7-โครงงาน-101',399),('1/2567-FRI7-โครงงาน-102',399),('1/2567-FRI7-โครงงาน-103',399),('1/2567-WED8-ลูกเสือ/ยุวกาชาด-101',400),('1/2567-WED8-ลูกเสือ/ยุวกาชาด-102',400),('1/2567-WED8-ลูกเสือ/ยุวกาชาด-103',400),('1/2567-FRI8-จริยธรรม-101',401),('1/2567-FRI8-จริยธรรม-102',401),('1/2567-FRI8-จริยธรรม-103',401),('1/2567-THU7-ศ20201-101',402),('1/2567-THU7-ศ20201-102',402),('1/2567-THU7-ศ20201-103',402),('1/2567-THU8-ศ20201-101',402),('1/2567-THU8-ศ20201-102',402),('1/2567-THU8-ศ20201-103',402),('1/2567-TUE7-ศ20201-101',402),('1/2567-TUE7-ศ20201-102',402),('1/2567-TUE7-ศ20201-103',402),('1/2567-TUE8-ศ20201-101',402),('1/2567-TUE8-ศ20201-102',402),('1/2567-TUE8-ศ20201-103',402),('1/2567-MON8-ชุมนุม-101',403),('1/2567-MON8-ชุมนุม-102',403),('1/2567-MON8-ชุมนุม-103',403),('1/2567-WED7-แนะแนว-101',404),('1/2567-WED7-แนะแนว-102',404),('1/2567-WED7-แนะแนว-103',404),('1/2567-FRI7-โครงงาน-101',405),('1/2567-FRI7-โครงงาน-102',405),('1/2567-FRI7-โครงงาน-103',405),('1/2567-THU7-ศ20201-101',406),('1/2567-THU7-ศ20201-102',406),('1/2567-THU7-ศ20201-103',406),('1/2567-THU8-ศ20201-101',406),('1/2567-THU8-ศ20201-102',406),('1/2567-THU8-ศ20201-103',406),('1/2567-TUE7-ศ20201-101',406),('1/2567-TUE7-ศ20201-102',406),('1/2567-TUE7-ศ20201-103',406),('1/2567-TUE8-ศ20201-101',406),('1/2567-TUE8-ศ20201-102',406),('1/2567-TUE8-ศ20201-103',406),('1/2567-WED8-ลูกเสือ/ยุวกาชาด-101',407),('1/2567-WED8-ลูกเสือ/ยุวกาชาด-102',407),('1/2567-WED8-ลูกเสือ/ยุวกาชาด-103',407),('1/2567-FRI8-จริยธรรม-101',408),('1/2567-FRI8-จริยธรรม-102',408),('1/2567-FRI8-จริยธรรม-103',408),('1/2567-MON8-ชุมนุม-101',409),('1/2567-MON8-ชุมนุม-102',409),('1/2567-MON8-ชุมนุม-103',409),('1/2567-WED7-แนะแนว-101',410),('1/2567-WED7-แนะแนว-102',410),('1/2567-WED7-แนะแนว-103',410),('1/2567-FRI7-โครงงาน-101',411),('1/2567-FRI7-โครงงาน-102',411),('1/2567-FRI7-โครงงาน-103',411),('1/2567-FRI8-จริยธรรม-101',412),('1/2567-FRI8-จริยธรรม-102',412),('1/2567-FRI8-จริยธรรม-103',412),('1/2567-MON8-ชุมนุม-101',413),('1/2567-MON8-ชุมนุม-102',413),('1/2567-MON8-ชุมนุม-103',413),('1/2567-WED8-ลูกเสือ/ยุวกาชาด-101',414),('1/2567-WED8-ลูกเสือ/ยุวกาชาด-102',414),('1/2567-WED8-ลูกเสือ/ยุวกาชาด-103',414),('1/2567-THU7-ศ20201-101',415),('1/2567-THU7-ศ20201-102',415),('1/2567-THU7-ศ20201-103',415),('1/2567-THU8-ศ20201-101',415),('1/2567-THU8-ศ20201-102',415),('1/2567-THU8-ศ20201-103',415),('1/2567-TUE7-ศ20201-101',415),('1/2567-TUE7-ศ20201-102',415),('1/2567-TUE7-ศ20201-103',415),('1/2567-TUE8-ศ20201-101',415),('1/2567-TUE8-ศ20201-102',415),('1/2567-TUE8-ศ20201-103',415),('1/2567-WED7-แนะแนว-101',416),('1/2567-WED7-แนะแนว-102',416),('1/2567-WED7-แนะแนว-103',416),('1/2567-FRI7-โครงงาน-101',417),('1/2567-FRI7-โครงงาน-102',417),('1/2567-FRI7-โครงงาน-103',417),('2/2566-MON8-ชุมนุม2-101',6281),('2/2566-MON8-ชุมนุม2-102',6281),('2/2566-MON8-ชุมนุม2-103',6281),('2/2566-MON1-ท21102-101',6282),('2/2566-TUE1-ท21102-101',6282),('2/2566-WED1-ท21102-101',6282),('2/2566-MON8-ชุมนุม2-101',6283),('2/2566-MON8-ชุมนุม2-102',6283),('2/2566-MON8-ชุมนุม2-103',6283),('2/2566-FRI1-ท21102-102',6284),('2/2566-MON2-ท21102-102',6284),('2/2566-THU1-ท21102-102',6284),('2/2566-MON8-ชุมนุม2-101',6285),('2/2566-MON8-ชุมนุม2-102',6285),('2/2566-MON8-ชุมนุม2-103',6285),('2/2566-THU2-ท21102-103',6286),('2/2566-TUE2-ท21102-103',6286),('2/2566-WED2-ท21102-103',6286);
/*!40000 ALTER TABLE `_class_scheduleToteachers_responsibility` ENABLE KEYS */;
UNLOCK TABLES;

--
-- Table structure for table `_gradelevelToprogram`
--

DROP TABLE IF EXISTS `_gradelevelToprogram`;
/*!40101 SET @saved_cs_client     = @@character_set_client */;
/*!50503 SET character_set_client = utf8mb4 */;
CREATE TABLE `_gradelevelToprogram` (
  `A` varchar(191) COLLATE utf8mb4_unicode_ci NOT NULL,
  `B` int NOT NULL,
  UNIQUE KEY `_gradelevelToprogram_AB_unique` (`A`,`B`),
  KEY `_gradelevelToprogram_B_index` (`B`),
  CONSTRAINT `_gradelevelToprogram_A_fkey` FOREIGN KEY (`A`) REFERENCES `gradelevel` (`GradeID`) ON DELETE CASCADE ON UPDATE CASCADE,
  CONSTRAINT `_gradelevelToprogram_B_fkey` FOREIGN KEY (`B`) REFERENCES `program` (`ProgramID`) ON DELETE CASCADE ON UPDATE CASCADE
) ENGINE=InnoDB DEFAULT CHARSET=utf8mb4 COLLATE=utf8mb4_unicode_ci;
/*!40101 SET character_set_client = @saved_cs_client */;

--
-- Dumping data for table `_gradelevelToprogram`
--

LOCK TABLES `_gradelevelToprogram` WRITE;
/*!40000 ALTER TABLE `_gradelevelToprogram` DISABLE KEYS */;
INSERT INTO `_gradelevelToprogram` VALUES ('101',10),('102',10),('103',10),('103',11),('101',15),('102',15),('103',15),('101',17),('102',18),('101',19),('102',19),('103',19),('101',20),('102',20),('103',20);
/*!40000 ALTER TABLE `_gradelevelToprogram` ENABLE KEYS */;
UNLOCK TABLES;

--
-- Table structure for table `_prisma_migrations`
--

DROP TABLE IF EXISTS `_prisma_migrations`;
/*!40101 SET @saved_cs_client     = @@character_set_client */;
/*!50503 SET character_set_client = utf8mb4 */;
CREATE TABLE `_prisma_migrations` (
  `id` varchar(36) COLLATE utf8mb4_unicode_ci NOT NULL,
  `checksum` varchar(64) COLLATE utf8mb4_unicode_ci NOT NULL,
  `finished_at` datetime(3) DEFAULT NULL,
  `migration_name` varchar(255) COLLATE utf8mb4_unicode_ci NOT NULL,
  `logs` text COLLATE utf8mb4_unicode_ci,
  `rolled_back_at` datetime(3) DEFAULT NULL,
  `started_at` datetime(3) NOT NULL DEFAULT CURRENT_TIMESTAMP(3),
  `applied_steps_count` int unsigned NOT NULL DEFAULT '0',
  PRIMARY KEY (`id`)
) ENGINE=InnoDB DEFAULT CHARSET=utf8mb4 COLLATE=utf8mb4_unicode_ci;
/*!40101 SET character_set_client = @saved_cs_client */;

--
-- Dumping data for table `_prisma_migrations`
--

LOCK TABLES `_prisma_migrations` WRITE;
/*!40000 ALTER TABLE `_prisma_migrations` DISABLE KEYS */;
INSERT INTO `_prisma_migrations` VALUES ('1409991d-ef59-4945-8e59-3685eac7517b','114dda341d62b89fef68b1e003ab1859b8a529c33005a44e8c456d996ce5b2fa','2024-01-25 05:10:49.063','20240125051047_teachers_responsibility_respid',NULL,NULL,'2024-01-25 05:10:47.840',1),('16d1ed70-c90d-4b38-afef-a02318e7894e','ace8458af16940c4e38e18577909c597cb31c3dea61a257b7251a049c2ee1023','2024-01-08 17:26:35.749','20240108172633_programname_roomname_unique',NULL,NULL,'2024-01-08 17:26:34.790',1),('1d5e8881-7d80-4ac2-9432-6645ecf005d1','6dc1e9b7d9c581435c847bb2faeca93c00c7657faf5edcebcfb7eb954d9d13f9','2024-01-11 08:45:47.971','20240111084545_breaktime_breakboth',NULL,NULL,'2024-01-11 08:45:46.279',1),('2ababb09-d902-4729-b16f-f4f154d7ced7','6e2d0f2af4896fd679bb8cb94c312cbcdbd4ab26aacc9f408c387eb567b16a5a','2024-01-09 08:18:25.763','20240109081823_dayofweek_to_timeslot',NULL,NULL,'2024-01-09 08:18:24.545',1),('49da2dbc-0558-439e-a875-0b73ea47da4c','de3e8087968b4a67b63675506a9e6d24b48138cee8033f1516cb814937ed0d47','2024-01-26 13:05:52.710','20240126130549_ondelete_setnull',NULL,NULL,'2024-01-26 13:05:50.763',1),('686cc6b3-2789-46aa-a8a1-09c862c96019','6827eaeea3d9f4a3126d7bd7149c0fc84a7feb5c2851b70bc0dd051ba3435a3c','2024-01-08 17:25:31.732','20240106093135_subject_programid_optional',NULL,NULL,'2024-01-08 17:25:30.872',1),('9c0392e5-bbb1-4942-946a-7c6831417a23','1aa38485359b0445141957e6199c407d15f4dbe8131927e9a54fb0d9c3e0853c','2024-01-18 07:47:40.399','20240118074738_classid_to_str',NULL,NULL,'2024-01-18 07:47:38.903',1),('a539d5ef-976a-492e-8bee-bef1d51f1db9','d814028e569330438cfc0f6eb2c86773a23567e50e2a22be9a6e64002b6fca52','2024-01-08 17:25:30.348','0_init',NULL,NULL,'2024-01-08 17:25:27.893',1),('c1e6d8cd-117c-40c5-acbd-56d53412ffa9','59c008465205d451e4acfe12d9efa288640c324871797381de2576ffd24ceb2b','2024-01-09 07:11:59.799','20240109071157_breaktime_to_enum',NULL,NULL,'2024-01-09 07:11:58.615',1),('e28d231a-bda0-4e14-b8ce-aea05963ac21','0dc582aef17caf38173f8b58b9017e0797f5f8281ef1fba709f2f6fabe3e8f6d','2024-01-25 05:10:06.761','20240125050430_teachers_responsibility_respid',NULL,NULL,'2024-01-25 05:10:04.470',1),('e29ca780-eb6b-4b41-8965-35bcfad1184d','ceb75f52590c75210eb0a39a5c30ecaf324594ba0c655d145c47886012ead825','2024-01-08 17:25:32.927','20240106095438_gradelevel_programid_optional',NULL,NULL,'2024-01-08 17:25:31.999',1),('f177325f-e672-4c65-b955-83ca4c40f185','0bac57d45a134bb4834f9e07ad7a5bd33c8a3fb898e97cbd2ef3863c2910cf5d','2024-02-21 07:43:30.877','20240221074329_class_sche_islocked',NULL,NULL,'2024-02-21 07:43:29.698',1);
/*!40000 ALTER TABLE `_prisma_migrations` ENABLE KEYS */;
UNLOCK TABLES;

--
-- Table structure for table `class_schedule`
--

DROP TABLE IF EXISTS `class_schedule`;
/*!40101 SET @saved_cs_client     = @@character_set_client */;
/*!50503 SET character_set_client = utf8mb4 */;
CREATE TABLE `class_schedule` (
  `ClassID` varchar(191) COLLATE utf8mb4_unicode_ci NOT NULL,
  `TimeslotID` varchar(191) COLLATE utf8mb4_unicode_ci NOT NULL,
  `SubjectCode` varchar(191) COLLATE utf8mb4_unicode_ci NOT NULL,
  `RoomID` int DEFAULT NULL,
  `GradeID` varchar(191) COLLATE utf8mb4_unicode_ci NOT NULL,
  `IsLocked` tinyint(1) NOT NULL DEFAULT '0',
  PRIMARY KEY (`ClassID`),
  KEY `class_schedule_GradeID_fkey` (`GradeID`),
  KEY `class_schedule_TimeslotID_fkey` (`TimeslotID`),
  KEY `class_schedule_RoomID_fkey` (`RoomID`),
  KEY `class_schedule_SubjectCode_fkey` (`SubjectCode`),
  CONSTRAINT `class_schedule_GradeID_fkey` FOREIGN KEY (`GradeID`) REFERENCES `gradelevel` (`GradeID`) ON DELETE CASCADE ON UPDATE CASCADE,
  CONSTRAINT `class_schedule_RoomID_fkey` FOREIGN KEY (`RoomID`) REFERENCES `room` (`RoomID`) ON DELETE SET NULL ON UPDATE CASCADE,
  CONSTRAINT `class_schedule_SubjectCode_fkey` FOREIGN KEY (`SubjectCode`) REFERENCES `subject` (`SubjectCode`) ON DELETE CASCADE ON UPDATE CASCADE,
  CONSTRAINT `class_schedule_TimeslotID_fkey` FOREIGN KEY (`TimeslotID`) REFERENCES `timeslot` (`TimeslotID`) ON DELETE CASCADE ON UPDATE CASCADE
) ENGINE=InnoDB DEFAULT CHARSET=utf8mb4 COLLATE=utf8mb4_unicode_ci;
/*!40101 SET character_set_client = @saved_cs_client */;

--
-- Dumping data for table `class_schedule`
--

LOCK TABLES `class_schedule` WRITE;
/*!40000 ALTER TABLE `class_schedule` DISABLE KEYS */;
INSERT INTO `class_schedule` VALUES ('1/2567-FRI1-ค21101-103','1/2567-FRI1','ค21101',4,'103',0),('1/2567-FRI1-ท21201-102','1/2567-FRI1','ท21201',7,'102',0),('1/2567-FRI1-ส21101-101','1/2567-FRI1','ส21101',15,'101',0),('1/2567-FRI2-ท21201-102','1/2567-FRI2','ท21201',7,'102',0),('1/2567-FRI2-ส21101-103','1/2567-FRI2','ส21101',15,'103',0),('1/2567-FRI2-อ21101-101','1/2567-FRI2','อ21101',20,'101',0),('1/2567-FRI3-ท21101-101','1/2567-FRI3','ท21101',7,'101',0),('1/2567-FRI3-ส21104-103','1/2567-FRI3','ส21104',15,'103',0),('1/2567-FRI3-อ21101-102','1/2567-FRI3','อ21101',20,'102',0),('1/2567-FRI4-ค21101-101','1/2567-FRI4','ค21101',4,'101',0),('1/2567-FRI4-ง21101-102','1/2567-FRI4','ง21101',13,'102',0),('1/2567-FRI4-ท21101-103','1/2567-FRI4','ท21101',7,'103',0),('1/2567-FRI6-พ21101-101','1/2567-FRI6','พ21101',1,'101',0),('1/2567-FRI6-พ21101-103','1/2567-FRI6','พ21101',1,'103',0),('1/2567-FRI6-ส21101-102','1/2567-FRI6','ส21101',15,'102',0),('1/2567-FRI7-โครงงาน-101','1/2567-FRI7','โครงงาน',11,'101',1),('1/2567-FRI7-โครงงาน-102','1/2567-FRI7','โครงงาน',11,'102',1),('1/2567-FRI7-โครงงาน-103','1/2567-FRI7','โครงงาน',11,'103',1),('1/2567-FRI8-จริยธรรม-101','1/2567-FRI8','จริยธรรม',41,'101',1),('1/2567-FRI8-จริยธรรม-102','1/2567-FRI8','จริยธรรม',41,'102',1),('1/2567-FRI8-จริยธรรม-103','1/2567-FRI8','จริยธรรม',41,'103',1),('1/2567-MON1-ค21101-101','1/2567-MON1','ค21101',4,'101',0),('1/2567-MON1-ค21201-103','1/2567-MON1','ค21201',9,'103',0),('1/2567-MON1-ส21101-102','1/2567-MON1','ส21101',15,'102',0),('1/2567-MON2-ค21101-102','1/2567-MON2','ค21101',4,'102',0),('1/2567-MON2-ค21201-103','1/2567-MON2','ค21201',9,'103',0),('1/2567-MON2-ท21101-101','1/2567-MON2','ท21101',7,'101',0),('1/2567-MON3-ง21201-102','1/2567-MON3','ง21201',11,'102',0),('1/2567-MON3-ว21101-101','1/2567-MON3','ว21101',14,'101',0),('1/2567-MON3-ศ21101-103','1/2567-MON3','ศ21101',2,'103',0),('1/2567-MON4-ง21201-102','1/2567-MON4','ง21201',11,'102',0),('1/2567-MON4-ว21101-101','1/2567-MON4','ว21101',14,'101',0),('1/2567-MON4-อ21101-103','1/2567-MON4','อ21101',20,'103',0),('1/2567-MON6-ท21101-103','1/2567-MON6','ท21101',7,'103',0),('1/2567-MON6-พ21201-101','1/2567-MON6','พ21201',1,'101',0),('1/2567-MON6-อ21101-102','1/2567-MON6','อ21101',20,'102',0),('1/2567-MON7-ง21101-103','1/2567-MON7','ง21101',13,'103',0),('1/2567-MON7-พ21201-101','1/2567-MON7','พ21201',1,'101',0),('1/2567-MON7-ศ21101-102','1/2567-MON7','ศ21101',2,'102',0),('1/2567-MON8-ชุมนุม-101','1/2567-MON8','ชุมนุม',1,'101',1),('1/2567-MON8-ชุมนุม-102','1/2567-MON8','ชุมนุม',1,'102',1),('1/2567-MON8-ชุมนุม-103','1/2567-MON8','ชุมนุม',1,'103',1),('1/2567-THU1-ค21101-101','1/2567-THU1','ค21101',4,'101',0),('1/2567-THU1-ศ21101-102','1/2567-THU1','ศ21101',2,'102',0),('1/2567-THU1-ส21101-103','1/2567-THU1','ส21101',15,'103',0),('1/2567-THU2-ค21101-102','1/2567-THU2','ค21101',4,'102',0),('1/2567-THU2-ส21101-101','1/2567-THU2','ส21101',15,'101',0),('1/2567-THU2-อ21101-103','1/2567-THU2','อ21101',20,'103',0),('1/2567-THU3-ค21101-103','1/2567-THU3','ค21101',4,'103',0),('1/2567-THU3-ว21101-102','1/2567-THU3','ว21101',14,'102',0),('1/2567-THU3-ศ21101-101','1/2567-THU3','ศ21101',2,'101',0),('1/2567-THU4-พ21103-101','1/2567-THU4','พ21103',1,'101',0),('1/2567-THU4-ว21101-102','1/2567-THU4','ว21101',14,'102',0),('1/2567-THU4-ว21171-103','1/2567-THU4','ว21171',23,'103',0),('1/2567-THU6-ท21101-102','1/2567-THU6','ท21101',7,'102',0),('1/2567-THU6-ว21101-103','1/2567-THU6','ว21101',14,'103',0),('1/2567-THU6-อ21101-101','1/2567-THU6','อ21101',20,'101',0),('1/2567-THU7-ศ20201-101','1/2567-THU7','ศ20201',39,'101',1),('1/2567-THU7-ศ20201-102','1/2567-THU7','ศ20201',39,'102',1),('1/2567-THU7-ศ20201-103','1/2567-THU7','ศ20201',39,'103',1),('1/2567-THU8-ศ20201-101','1/2567-THU8','ศ20201',39,'101',1),('1/2567-THU8-ศ20201-102','1/2567-THU8','ศ20201',39,'102',1),('1/2567-THU8-ศ20201-103','1/2567-THU8','ศ20201',39,'103',1),('1/2567-TUE1-ค21101-102','1/2567-TUE1','ค21101',4,'102',0),('1/2567-TUE1-ศ21101-103','1/2567-TUE1','ศ21101',2,'103',0),('1/2567-TUE1-ส21104-101','1/2567-TUE1','ส21104',15,'101',0),('1/2567-TUE2-ท21101-102','1/2567-TUE2','ท21101',7,'102',0),('1/2567-TUE2-ว21171-101','1/2567-TUE2','ว21171',23,'101',0),('1/2567-TUE2-ส21101-103','1/2567-TUE2','ส21101',15,'103',0),('1/2567-TUE3-ว21101-103','1/2567-TUE3','ว21101',14,'103',0),('1/2567-TUE3-ศ21101-101','1/2567-TUE3','ศ21101',2,'101',0),('1/2567-TUE3-ส21104-102','1/2567-TUE3','ส21104',15,'102',0),('1/2567-TUE4-พ21103-102','1/2567-TUE4','พ21103',1,'102',0),('1/2567-TUE4-ว21101-103','1/2567-TUE4','ว21101',14,'103',0),('1/2567-TUE4-อ21101-101','1/2567-TUE4','อ21101',20,'101',0),('1/2567-TUE6-ง21101-101','1/2567-TUE6','ง21101',13,'101',0),('1/2567-TUE6-พ21103-103','1/2567-TUE6','พ21103',1,'103',0),('1/2567-TUE6-ว21101-102','1/2567-TUE6','ว21101',14,'102',0),('1/2567-TUE7-ศ20201-101','1/2567-TUE7','ศ20201',40,'101',1),('1/2567-TUE7-ศ20201-102','1/2567-TUE7','ศ20201',40,'102',1),('1/2567-TUE7-ศ20201-103','1/2567-TUE7','ศ20201',40,'103',1),('1/2567-TUE8-ศ20201-101','1/2567-TUE8','ศ20201',40,'101',1),('1/2567-TUE8-ศ20201-102','1/2567-TUE8','ศ20201',40,'102',1),('1/2567-TUE8-ศ20201-103','1/2567-TUE8','ศ20201',40,'103',1),('1/2567-WED1-ค21101-103','1/2567-WED1','ค21101',4,'103',0),('1/2567-WED1-จ21201-101','1/2567-WED1','จ21201',7,'101',0),('1/2567-WED1-พ21101-102','1/2567-WED1','พ21101',1,'102',0),('1/2567-WED2-จ21201-101','1/2567-WED2','จ21201',7,'101',0),('1/2567-WED2-ท21101-103','1/2567-WED2','ท21101',7,'103',0),('1/2567-WED2-ส21101-102','1/2567-WED2','ส21101',15,'102',0),('1/2567-WED3-ท21101-102','1/2567-WED3','ท21101',7,'102',0),('1/2567-WED3-ว21201-103','1/2567-WED3','ว21201',27,'103',0),('1/2567-WED3-ส21101-101','1/2567-WED3','ส21101',15,'101',0),('1/2567-WED4-ว21101-101','1/2567-WED4','ว21101',14,'101',0),('1/2567-WED4-ว21201-103','1/2567-WED4','ว21201',27,'103',0),('1/2567-WED4-อ21101-102','1/2567-WED4','อ21101',20,'102',0),('1/2567-WED6-ท21101-101','1/2567-WED6','ท21101',7,'101',0),('1/2567-WED6-ว21171-102','1/2567-WED6','ว21171',23,'102',0),('1/2567-WED6-อ21101-103','1/2567-WED6','อ21101',20,'103',0),('1/2567-WED7-แนะแนว-101','1/2567-WED7','แนะแนว',39,'101',1),('1/2567-WED7-แนะแนว-102','1/2567-WED7','แนะแนว',39,'102',1),('1/2567-WED7-แนะแนว-103','1/2567-WED7','แนะแนว',39,'103',1),('1/2567-WED8-ลูกเสือ/ยุวกาชาด-101','1/2567-WED8','ลูกเสือ/ยุวกาชาด',1,'101',1),('1/2567-WED8-ลูกเสือ/ยุวกาชาด-102','1/2567-WED8','ลูกเสือ/ยุวกาชาด',1,'102',1),('1/2567-WED8-ลูกเสือ/ยุวกาชาด-103','1/2567-WED8','ลูกเสือ/ยุวกาชาด',1,'103',1),('2/2566-FRI1-ท21102-102','2/2566-FRI1','ท21102',12,'102',0),('2/2566-MON1-ท21102-101','2/2566-MON1','ท21102',12,'101',0),('2/2566-MON2-ท21102-102','2/2566-MON2','ท21102',12,'102',0),('2/2566-MON8-ชุมนุม2-101','2/2566-MON8','ชุมนุม2',1,'101',1),('2/2566-MON8-ชุมนุม2-102','2/2566-MON8','ชุมนุม2',1,'102',1),('2/2566-MON8-ชุมนุม2-103','2/2566-MON8','ชุมนุม2',1,'103',1),('2/2566-THU1-ท21102-102','2/2566-THU1','ท21102',12,'102',0),('2/2566-THU2-ท21102-103','2/2566-THU2','ท21102',12,'103',0),('2/2566-TUE1-ท21102-101','2/2566-TUE1','ท21102',12,'101',0),('2/2566-TUE2-ท21102-103','2/2566-TUE2','ท21102',12,'103',0),('2/2566-WED1-ท21102-101','2/2566-WED1','ท21102',12,'101',0),('2/2566-WED2-ท21102-103','2/2566-WED2','ท21102',12,'103',0);
/*!40000 ALTER TABLE `class_schedule` ENABLE KEYS */;
UNLOCK TABLES;

--
-- Table structure for table `gradelevel`
--

DROP TABLE IF EXISTS `gradelevel`;
/*!40101 SET @saved_cs_client     = @@character_set_client */;
/*!50503 SET character_set_client = utf8mb4 */;
CREATE TABLE `gradelevel` (
  `GradeID` varchar(191) COLLATE utf8mb4_unicode_ci NOT NULL,
  `Year` int NOT NULL,
  `Number` int NOT NULL,
  PRIMARY KEY (`GradeID`)
) ENGINE=InnoDB DEFAULT CHARSET=utf8mb4 COLLATE=utf8mb4_unicode_ci;
/*!40101 SET character_set_client = @saved_cs_client */;

--
-- Dumping data for table `gradelevel`
--

LOCK TABLES `gradelevel` WRITE;
/*!40000 ALTER TABLE `gradelevel` DISABLE KEYS */;
INSERT INTO `gradelevel` VALUES ('101',1,1),('102',1,2),('103',1,3),('201',2,1),('202',2,2),('203',2,3),('301',3,1),('302',3,2),('303',3,3),('401',4,1),('402',4,2),('403',4,3),('502',5,2),('503',5,3),('601',6,1),('602',6,2),('603',6,3);
/*!40000 ALTER TABLE `gradelevel` ENABLE KEYS */;
UNLOCK TABLES;

--
-- Table structure for table `program`
--

DROP TABLE IF EXISTS `program`;
/*!40101 SET @saved_cs_client     = @@character_set_client */;
/*!50503 SET character_set_client = utf8mb4 */;
CREATE TABLE `program` (
  `ProgramID` int NOT NULL AUTO_INCREMENT,
  `ProgramName` varchar(191) COLLATE utf8mb4_unicode_ci NOT NULL,
  `Semester` enum('SEMESTER_1','SEMESTER_2') COLLATE utf8mb4_unicode_ci NOT NULL,
  PRIMARY KEY (`ProgramID`),
  UNIQUE KEY `program_ProgramName_key` (`ProgramName`)
) ENGINE=InnoDB AUTO_INCREMENT=21 DEFAULT CHARSET=utf8mb4 COLLATE=utf8mb4_unicode_ci;
/*!40101 SET character_set_client = @saved_cs_client */;

--
-- Dumping data for table `program`
--

LOCK TABLES `program` WRITE;
/*!40000 ALTER TABLE `program` DISABLE KEYS */;
INSERT INTO `program` VALUES (10,'พื้นฐาน ม.1 เทอม 1','SEMESTER_1'),(11,'เพิ่มเติม ม.1/3 เทอม 1','SEMESTER_1'),(15,'กิจกรรมพัฒนาผู้เรียน ม.1 เทอม 1','SEMESTER_1'),(17,'เพิ่มเติม 1/1เทอม 1','SEMESTER_1'),(18,'เพิ่มเติม 1/2 เทอม 1','SEMESTER_1'),(19,'กิจกรรมพัฒนาผู้เรียน ม.1 เทอม 2','SEMESTER_2'),(20,'พื้นฐาน ม.1 เทอม 2','SEMESTER_2');
/*!40000 ALTER TABLE `program` ENABLE KEYS */;
UNLOCK TABLES;

--
-- Table structure for table `room`
--

DROP TABLE IF EXISTS `room`;
/*!40101 SET @saved_cs_client     = @@character_set_client */;
/*!50503 SET character_set_client = utf8mb4 */;
CREATE TABLE `room` (
  `RoomID` int NOT NULL AUTO_INCREMENT,
  `RoomName` varchar(191) COLLATE utf8mb4_unicode_ci NOT NULL,
  `Building` varchar(191) COLLATE utf8mb4_unicode_ci NOT NULL DEFAULT '-',
  `Floor` varchar(191) COLLATE utf8mb4_unicode_ci NOT NULL DEFAULT '-',
  PRIMARY KEY (`RoomID`),
  UNIQUE KEY `room_RoomName_key` (`RoomName`)
) ENGINE=InnoDB AUTO_INCREMENT=44 DEFAULT CHARSET=utf8mb4 COLLATE=utf8mb4_unicode_ci;
/*!40101 SET character_set_client = @saved_cs_client */;

--
-- Dumping data for table `room`
--

LOCK TABLES `room` WRITE;
/*!40000 ALTER TABLE `room` DISABLE KEYS */;
INSERT INTO `room` VALUES (1,'สนามกีฬา','-','1'),(2,'นาฎศิลป์','-','-'),(3,'322','-','-'),(4,'323','-','-'),(5,'324','-','-'),(6,'325','-','-'),(7,'332','-','-'),(8,'334','-','-'),(9,'335','-','-'),(10,'คอม 1','-','-'),(11,'STEM','-','-'),(12,'213','-','-'),(13,'222','-','-'),(14,'223','-','-'),(15,'224','-','-'),(16,'3/1','-','-'),(17,'3/3','-','-'),(18,'336','-','-'),(19,'337','-','-'),(20,'338','-','-'),(21,'6/1','-','-'),(22,'6/2','-','-'),(23,'คอม 2','-','-'),(24,'ชีววิทยา','-','-'),(25,'ฟิสิกส์1','-','-'),(26,'ฟิสิกส์2','-','-'),(27,'วิทย์','-','-'),(28,'สังคม 1','-','-'),(29,'เคมี','-','-'),(39,'ห้องสมุด','2','2'),(40,'333','3','3'),(41,'หอประชุม','0','0'),(43,'STEM 2','5','1');
/*!40000 ALTER TABLE `room` ENABLE KEYS */;
UNLOCK TABLES;

--
-- Table structure for table `subject`
--

DROP TABLE IF EXISTS `subject`;
/*!40101 SET @saved_cs_client     = @@character_set_client */;
/*!50503 SET character_set_client = utf8mb4 */;
CREATE TABLE `subject` (
  `SubjectCode` varchar(191) COLLATE utf8mb4_unicode_ci NOT NULL,
  `SubjectName` varchar(191) COLLATE utf8mb4_unicode_ci NOT NULL,
  `Credit` enum('CREDIT_05','CREDIT_10','CREDIT_15','CREDIT_20') COLLATE utf8mb4_unicode_ci NOT NULL,
  `Category` varchar(191) COLLATE utf8mb4_unicode_ci NOT NULL DEFAULT '-',
  `ProgramID` int DEFAULT NULL,
  PRIMARY KEY (`SubjectCode`),
  KEY `subject_ProgramID_fkey` (`ProgramID`),
  CONSTRAINT `subject_ProgramID_fkey` FOREIGN KEY (`ProgramID`) REFERENCES `program` (`ProgramID`) ON DELETE SET NULL ON UPDATE CASCADE
) ENGINE=InnoDB DEFAULT CHARSET=utf8mb4 COLLATE=utf8mb4_unicode_ci;
/*!40101 SET character_set_client = @saved_cs_client */;

--
-- Dumping data for table `subject`
--

LOCK TABLES `subject` WRITE;
/*!40000 ALTER TABLE `subject` DISABLE KEYS */;
INSERT INTO `subject` VALUES ('ค21101','คณิตศาสตร์ 1','CREDIT_15','พื้นฐาน',10),('ค21201','คณิตเพิ่มเติม 1','CREDIT_10','เพิ่มเติม',11),('ง21101','การงานอาชีพ 1','CREDIT_05','พื้นฐาน',10),('ง21201','การงานเพิ่มเติม','CREDIT_10','เพิ่มเติม',18),('จ21201','ภาษาจีน 1','CREDIT_10','เพิ่มเติม',17),('จริยธรรม','จริยธรรม','CREDIT_05','กิจกรรมพัฒนาผู้เรียน',15),('ชุมนุม','ชุมนุม','CREDIT_05','กิจกรรมพัฒนาผู้เรียน',15),('ชุมนุม2','ชุมนุม 2','CREDIT_05','กิจกรรมพัฒนาผู้เรียน',19),('ท21101','ภาษาไทย 1','CREDIT_15','พื้นฐาน',10),('ท21102','ภาษาไทย 2','CREDIT_15','พื้นฐาน',20),('ท21201','ภาษาไทยเพิ่มเติม','CREDIT_10','เพิ่มเติม',18),('ทดสอบ','ทดสอบ','CREDIT_15','พื้นฐาน',NULL),('ทดสอบล็อก','ทดสอบล็อก','CREDIT_10','พื้นฐาน',15),('พ21101','สุขศึกษา 1','CREDIT_05','พื้นฐาน',10),('พ21103','พลศึกษา 1','CREDIT_05','พื้นฐาน',10),('พ21201','กรีฑา','CREDIT_10','เพิ่มเติม',17),('ลูกเสือ/ยุวกาชาด','ลูกเสือ','CREDIT_05','กิจกรรมพัฒนาผู้เรียน',15),('ว20201','ผู้ประกอบการธนาคารวัสดุรีไซเคิล','CREDIT_10','เพิ่มเติม',NULL),('ว21101','วิทยาศาสตร์ 1','CREDIT_15','พื้นฐาน',10),('ว21171','ออกแบบ 1','CREDIT_05','พื้นฐาน',10),('ว21201','สนุกกับวิทยาศาสตร์','CREDIT_10','เพิ่มเติม',11),('ศ20201','ส่งเสริมอาชีวนวัตวิถี 1','CREDIT_20','กิจกรรมพัฒนาผู้เรียน',NULL),('ศ20202','ส่งเสริมอาชีวนวัตถี 2','CREDIT_05','เพิ่มเติม',NULL),('ศ21101','ทัศนศิลป์ 1','CREDIT_10','พื้นฐาน',10),('ส20237','อาเซี่ยนศึกษา 1','CREDIT_05','เพิ่มเติม',NULL),('ส21101','สังคมศึกษา 1','CREDIT_15','พื้นฐาน',10),('ส21104','ประวัติศาสตร์ 1','CREDIT_05','พื้นฐาน',10),('ส่งเสริมอาชีวนวัตวิถี','-','CREDIT_20','กิจกรรมพัฒนาผู้เรียน',15),('อ21101','ภาษาอังกฤษ 1','CREDIT_15','พื้นฐาน',10),('อ21102','ภาษาอังกฤษ 2','CREDIT_15','พื้นฐาน',20),('แนะแนว','แนะแนว','CREDIT_05','กิจกรรมพัฒนาผู้เรียน',15),('โครงงาน','โครงงาน','CREDIT_05','กิจกรรมพัฒนาผู้เรียน',15);
/*!40000 ALTER TABLE `subject` ENABLE KEYS */;
UNLOCK TABLES;

--
-- Table structure for table `table_config`
--

DROP TABLE IF EXISTS `table_config`;
/*!40101 SET @saved_cs_client     = @@character_set_client */;
/*!50503 SET character_set_client = utf8mb4 */;
CREATE TABLE `table_config` (
  `ConfigID` varchar(191) COLLATE utf8mb4_unicode_ci NOT NULL,
  `AcademicYear` int NOT NULL,
  `Semester` enum('SEMESTER_1','SEMESTER_2') COLLATE utf8mb4_unicode_ci NOT NULL,
  `Config` json NOT NULL,
  PRIMARY KEY (`ConfigID`)
) ENGINE=InnoDB DEFAULT CHARSET=utf8mb4 COLLATE=utf8mb4_unicode_ci;
/*!40101 SET character_set_client = @saved_cs_client */;

--
-- Dumping data for table `table_config`
--

LOCK TABLES `table_config` WRITE;
/*!40000 ALTER TABLE `table_config` DISABLE KEYS */;
INSERT INTO `table_config` VALUES ('1/2567',2567,'SEMESTER_1','{\"Days\": [\"MON\", \"TUE\", \"WED\", \"THU\", \"FRI\"], \"Duration\": 50, \"Semester\": \"SEMESTER_1\", \"MiniBreak\": {\"Duration\": 10, \"SlotNumber\": 3}, \"StartTime\": \"08:30\", \"AcademicYear\": 2567, \"HasMinibreak\": true, \"BreakDuration\": 50, \"BreakTimeslots\": {\"Junior\": 5, \"Senior\": 5}, \"TimeslotPerDay\": 9}'),('2/2566',2566,'SEMESTER_2','{\"Days\": [\"MON\", \"TUE\", \"WED\", \"THU\", \"FRI\"], \"Duration\": 50, \"Semester\": \"SEMESTER_2\", \"MiniBreak\": {\"Duration\": 10, \"SlotNumber\": 3}, \"StartTime\": \"08:30\", \"AcademicYear\": 2566, \"HasMinibreak\": true, \"BreakDuration\": 50, \"BreakTimeslots\": {\"Junior\": 5, \"Senior\": 5}, \"TimeslotPerDay\": 9}');
/*!40000 ALTER TABLE `table_config` ENABLE KEYS */;
UNLOCK TABLES;

--
-- Table structure for table `teacher`
--

DROP TABLE IF EXISTS `teacher`;
/*!40101 SET @saved_cs_client     = @@character_set_client */;
/*!50503 SET character_set_client = utf8mb4 */;
CREATE TABLE `teacher` (
  `TeacherID` int NOT NULL AUTO_INCREMENT,
  `Prefix` varchar(191) COLLATE utf8mb4_unicode_ci NOT NULL,
  `Firstname` varchar(191) COLLATE utf8mb4_unicode_ci NOT NULL,
  `Lastname` varchar(191) COLLATE utf8mb4_unicode_ci NOT NULL,
  `Department` varchar(191) COLLATE utf8mb4_unicode_ci NOT NULL DEFAULT '-',
  `Email` varchar(191) COLLATE utf8mb4_unicode_ci NOT NULL,
  `Role` varchar(191) COLLATE utf8mb4_unicode_ci NOT NULL DEFAULT 'teacher',
  PRIMARY KEY (`TeacherID`),
  UNIQUE KEY `teacher_Email_key` (`Email`)
) ENGINE=InnoDB AUTO_INCREMENT=39 DEFAULT CHARSET=utf8mb4 COLLATE=utf8mb4_unicode_ci;
/*!40101 SET character_set_client = @saved_cs_client */;

--
-- Dumping data for table `teacher`
--

LOCK TABLES `teacher` WRITE;
/*!40000 ALTER TABLE `teacher` DISABLE KEYS */;
INSERT INTO `teacher` VALUES (1,'นาย','พูลศักดิ์','พ่อบุตรดี','การงานอาชีพ','koonballc@gmail.com','admin'),(2,'นาง','พัชรีรัตน์','โวเบ้า','การงานอาชีพ','patcharee@example.com','teacher'),(3,'นาง','สุภาพรณ์','วงศ์ทรรศนกุล','ภาษาไทย','supaporn@example.com','teacher'),(4,'นาง','รุ่งราตรี','ธรรมดวงศรี','ภาษาไทย','rung@example.com','teacher'),(5,'นาง','วรารักษ์','สังกาชาติ','คณิตศาสตร์','wararak@example.com','teacher'),(6,'นาง','มิตรศิลป์','คณาบุตร','คณิตศาสตร์','63070046@kmitl.ac.th','teacher'),(7,'นาง','นงค์รักษ์','พ่อบุตรดี','คณิตศาสตร์','nongrak55@gmail.com','admin'),(8,'นางสาว','สุอาภา','วรคันทักษ์','คณิตศาสตร์','suapa@example.com','teacher'),(9,'นาง','อนัญญา','คูสกุล','วิทยาศาสตร์และเทคโนโลยี','ananya@example.com','teacher'),(10,'นาง','ชนัดดา','ตาสำโรง','วิทยาศาสตร์และเทคโนโลยี','chandada@example.com','teacher'),(11,'นาง','วิมลรัตน์','ศรีสำอางค์','วิทยาศาสตร์และเทคโนโลยี','wimol@example.com','teacher'),(12,'นางสาว','วรานาถ','กิมาลี','วิทยาศาสตร์และเทคโนโลยี','waranat@example.com','teacher'),(13,'นาย','ชัยวัฒน์','วังทะพันธ์','วิทยาศาสตร์และเทคโนโลยี','chaiwat@example.com','teacher'),(14,'นาย','เมธาเกียรติ','เดชาภัคกูลกีรติ','วิทยาศาสตร์และเทคโนโลยี','metathakit@example.com','teacher'),(15,'นาย','ณัฐกิตต์','ไกยะฝ่าย','วิทยาศาสตร์และเทคโนโลยี','natkitt@example.com','teacher'),(16,'นางสาว','สุภาวดี','จันทรสาขา','ภาษาต่างประเทศ','supawadee@example.com','teacher'),(17,'นาง','วาสนา','จันทะโสก','ภาษาต่างประเทศ','wasna@example.com','teacher'),(18,'นาย','สุพรรณ','เคนวงษา','ภาษาต่างประเทศ','supphan@example.com','teacher'),(19,'นางสาว','ศิริรักษ์','อินอุ่นโชติ','ภาษาต่างประเทศ','sirirak@example.com','teacher'),(20,'นางสาว','สำเนียง','เพ็งเวลุน','สังคมศึกษา ศาสนา และวัฒนธรรม','saming@example.com','teacher'),(21,'นาง','จินพศิกา','มีบุญ','สังคมศึกษา ศาสนา และวัฒนธรรม','jin@example.com','teacher'),(22,'นางสาว','สุภาณี','เชื้อคำเพ็ง','สังคมศึกษา ศาสนา และวัฒนธรรม','supanee@example.com','teacher'),(23,'นาย','พจน์','ทองยืน','การงานอาชีพ','pajorn@example.com','teacher'),(24,'นาย','วิศวะ','แก้วดี','สุขศึกษาและพลศึกษา','wisawat@example.com','teacher'),(25,'นางสาว','ศิริรักษ์','สารทอง','การงานอาชีพ','siriruk@example.com','teacher'),(26,'นาง','มนีรัตน์','สุขสบาย','ศิลปะ','manee@example.com','teacher'),(27,'นาย','วัชระ','พวงมี','สุขศึกษาและพลศึกษา','wachara@example.com','teacher'),(34,'นาย','ณภัทร','พ่อบุตรดี','วิทยาศาสตร์และเทคโนโลยี','63070046@it.kmitl.ac.th','admin'),(35,'นาย','สิทธิเบศน์','เพียราช','ศิลปะ','Kiattisaksp@gmail.com','teacher');
/*!40000 ALTER TABLE `teacher` ENABLE KEYS */;
UNLOCK TABLES;

--
-- Table structure for table `teachers_responsibility`
--

DROP TABLE IF EXISTS `teachers_responsibility`;
/*!40101 SET @saved_cs_client     = @@character_set_client */;
/*!50503 SET character_set_client = utf8mb4 */;
CREATE TABLE `teachers_responsibility` (
  `RespID` int NOT NULL AUTO_INCREMENT,
  `TeacherID` int NOT NULL,
  `GradeID` varchar(191) COLLATE utf8mb4_unicode_ci NOT NULL,
  `SubjectCode` varchar(191) COLLATE utf8mb4_unicode_ci NOT NULL,
  `AcademicYear` int NOT NULL,
  `Semester` enum('SEMESTER_1','SEMESTER_2') COLLATE utf8mb4_unicode_ci NOT NULL,
  `TeachHour` int NOT NULL,
  PRIMARY KEY (`RespID`),
  KEY `teachers_responsibility_GradeID_fkey` (`GradeID`),
  KEY `teachers_responsibility_SubjectCode_fkey` (`SubjectCode`),
  KEY `teachers_responsibility_TeacherID_fkey` (`TeacherID`),
  CONSTRAINT `teachers_responsibility_GradeID_fkey` FOREIGN KEY (`GradeID`) REFERENCES `gradelevel` (`GradeID`) ON DELETE CASCADE ON UPDATE CASCADE,
  CONSTRAINT `teachers_responsibility_SubjectCode_fkey` FOREIGN KEY (`SubjectCode`) REFERENCES `subject` (`SubjectCode`) ON DELETE CASCADE ON UPDATE CASCADE,
  CONSTRAINT `teachers_responsibility_TeacherID_fkey` FOREIGN KEY (`TeacherID`) REFERENCES `teacher` (`TeacherID`) ON DELETE CASCADE ON UPDATE CASCADE
) ENGINE=InnoDB AUTO_INCREMENT=6293 DEFAULT CHARSET=utf8mb4 COLLATE=utf8mb4_unicode_ci;
/*!40101 SET character_set_client = @saved_cs_client */;

--
-- Dumping data for table `teachers_responsibility`
--

LOCK TABLES `teachers_responsibility` WRITE;
/*!40000 ALTER TABLE `teachers_responsibility` DISABLE KEYS */;
INSERT INTO `teachers_responsibility` VALUES (172,15,'101','ว21171',2567,'SEMESTER_1',1),(173,15,'102','ว21171',2567,'SEMESTER_1',1),(174,15,'103','ว21171',2567,'SEMESTER_1',1),(175,16,'101','อ21101',2567,'SEMESTER_1',3),(176,16,'102','อ21101',2567,'SEMESTER_1',3),(177,16,'103','อ21101',2567,'SEMESTER_1',3),(178,21,'101','ส21101',2567,'SEMESTER_1',3),(179,21,'102','ส21101',2567,'SEMESTER_1',3),(180,21,'103','ส21101',2567,'SEMESTER_1',3),(181,25,'101','ง21101',2567,'SEMESTER_1',1),(182,25,'102','ง21101',2567,'SEMESTER_1',1),(183,25,'103','ง21101',2567,'SEMESTER_1',1),(184,27,'101','พ21101',2567,'SEMESTER_1',1),(185,27,'102','พ21101',2567,'SEMESTER_1',1),(186,27,'103','พ21101',2567,'SEMESTER_1',1),(187,5,'101','ค21101',2567,'SEMESTER_1',3),(188,5,'102','ค21101',2567,'SEMESTER_1',3),(189,5,'103','ค21101',2567,'SEMESTER_1',3),(190,3,'101','ท21101',2567,'SEMESTER_1',3),(191,3,'102','ท21101',2567,'SEMESTER_1',3),(192,3,'103','ท21101',2567,'SEMESTER_1',3),(193,14,'101','ว21101',2567,'SEMESTER_1',3),(194,14,'102','ว21101',2567,'SEMESTER_1',3),(195,14,'103','ว21101',2567,'SEMESTER_1',3),(196,27,'101','พ21103',2567,'SEMESTER_1',1),(197,27,'102','พ21103',2567,'SEMESTER_1',1),(198,27,'103','พ21103',2567,'SEMESTER_1',1),(211,35,'101','ศ21101',2567,'SEMESTER_1',2),(212,35,'102','ศ21101',2567,'SEMESTER_1',2),(213,35,'103','ศ21101',2567,'SEMESTER_1',2),(215,19,'101','จ21201',2567,'SEMESTER_1',2),(218,6,'103','ค21201',2567,'SEMESTER_1',2),(219,21,'101','ส21104',2567,'SEMESTER_1',1),(220,21,'102','ส21104',2567,'SEMESTER_1',1),(221,21,'103','ส21104',2567,'SEMESTER_1',1),(223,11,'103','ว21201',2567,'SEMESTER_1',2),(227,23,'102','จริยธรรม',2567,'SEMESTER_1',1),(228,23,'102','โครงงาน',2567,'SEMESTER_1',1),(229,3,'102','ท21201',2567,'SEMESTER_1',2),(230,27,'101','พ21201',2567,'SEMESTER_1',2),(231,23,'102','ง21201',2567,'SEMESTER_1',2),(235,3,'101','จริยธรรม',2567,'SEMESTER_1',1),(236,3,'101','ชุมนุม',2567,'SEMESTER_1',1),(237,3,'101','ลูกเสือ/ยุวกาชาด',2567,'SEMESTER_1',1),(238,3,'101','แนะแนว',2567,'SEMESTER_1',1),(239,3,'101','โครงงาน',2567,'SEMESTER_1',1),(240,3,'101','ศ20201',2567,'SEMESTER_1',4),(241,3,'102','จริยธรรม',2567,'SEMESTER_1',1),(242,3,'102','ชุมนุม',2567,'SEMESTER_1',1),(243,3,'102','ลูกเสือ/ยุวกาชาด',2567,'SEMESTER_1',1),(244,3,'102','แนะแนว',2567,'SEMESTER_1',1),(245,3,'102','ศ20201',2567,'SEMESTER_1',4),(246,3,'103','จริยธรรม',2567,'SEMESTER_1',1),(247,3,'103','ชุมนุม',2567,'SEMESTER_1',1),(248,3,'103','ลูกเสือ/ยุวกาชาด',2567,'SEMESTER_1',1),(249,3,'103','ศ20201',2567,'SEMESTER_1',4),(250,3,'103','แนะแนว',2567,'SEMESTER_1',1),(251,3,'103','โครงงาน',2567,'SEMESTER_1',1),(252,5,'101','จริยธรรม',2567,'SEMESTER_1',1),(253,5,'101','ชุมนุม',2567,'SEMESTER_1',1),(254,5,'101','ลูกเสือ/ยุวกาชาด',2567,'SEMESTER_1',1),(255,5,'101','ศ20201',2567,'SEMESTER_1',4),(256,5,'101','แนะแนว',2567,'SEMESTER_1',1),(257,5,'101','โครงงาน',2567,'SEMESTER_1',1),(258,5,'102','จริยธรรม',2567,'SEMESTER_1',1),(259,5,'102','ชุมนุม',2567,'SEMESTER_1',1),(260,5,'102','ลูกเสือ/ยุวกาชาด',2567,'SEMESTER_1',1),(261,5,'102','ศ20201',2567,'SEMESTER_1',4),(262,5,'102','แนะแนว',2567,'SEMESTER_1',1),(263,5,'102','โครงงาน',2567,'SEMESTER_1',1),(264,5,'103','จริยธรรม',2567,'SEMESTER_1',1),(265,5,'103','ชุมนุม',2567,'SEMESTER_1',1),(266,5,'103','ลูกเสือ/ยุวกาชาด',2567,'SEMESTER_1',1),(267,5,'103','แนะแนว',2567,'SEMESTER_1',1),(268,5,'103','โครงงาน',2567,'SEMESTER_1',1),(269,5,'103','ศ20201',2567,'SEMESTER_1',4),(270,6,'103','จริยธรรม',2567,'SEMESTER_1',1),(271,6,'103','ชุมนุม',2567,'SEMESTER_1',1),(272,6,'103','ลูกเสือ/ยุวกาชาด',2567,'SEMESTER_1',1),(273,6,'103','ศ20201',2567,'SEMESTER_1',4),(274,6,'103','แนะแนว',2567,'SEMESTER_1',1),(275,6,'103','โครงงาน',2567,'SEMESTER_1',1),(276,11,'103','จริยธรรม',2567,'SEMESTER_1',1),(277,11,'103','ชุมนุม',2567,'SEMESTER_1',1),(278,11,'103','ลูกเสือ/ยุวกาชาด',2567,'SEMESTER_1',1),(279,11,'103','ศ20201',2567,'SEMESTER_1',4),(280,11,'103','แนะแนว',2567,'SEMESTER_1',1),(281,11,'103','โครงงาน',2567,'SEMESTER_1',1),(282,14,'101','จริยธรรม',2567,'SEMESTER_1',1),(283,14,'101','ชุมนุม',2567,'SEMESTER_1',1),(284,14,'101','ลูกเสือ/ยุวกาชาด',2567,'SEMESTER_1',1),(285,14,'101','ศ20201',2567,'SEMESTER_1',4),(286,14,'101','แนะแนว',2567,'SEMESTER_1',1),(287,14,'101','โครงงาน',2567,'SEMESTER_1',1),(288,14,'102','จริยธรรม',2567,'SEMESTER_1',1),(289,14,'102','ชุมนุม',2567,'SEMESTER_1',1),(290,14,'102','ลูกเสือ/ยุวกาชาด',2567,'SEMESTER_1',1),(291,14,'102','แนะแนว',2567,'SEMESTER_1',1),(292,14,'102','โครงงาน',2567,'SEMESTER_1',1),(293,14,'102','ศ20201',2567,'SEMESTER_1',4),(294,14,'103','ลูกเสือ/ยุวกาชาด',2567,'SEMESTER_1',1),(295,14,'103','จริยธรรม',2567,'SEMESTER_1',1),(296,14,'103','ชุมนุม',2567,'SEMESTER_1',1),(297,14,'103','ศ20201',2567,'SEMESTER_1',4),(298,14,'103','แนะแนว',2567,'SEMESTER_1',1),(299,14,'103','โครงงาน',2567,'SEMESTER_1',1),(300,15,'101','ศ20201',2567,'SEMESTER_1',4),(301,15,'101','จริยธรรม',2567,'SEMESTER_1',1),(302,15,'101','ชุมนุม',2567,'SEMESTER_1',1),(303,15,'101','ลูกเสือ/ยุวกาชาด',2567,'SEMESTER_1',1),(304,15,'101','แนะแนว',2567,'SEMESTER_1',1),(305,15,'101','โครงงาน',2567,'SEMESTER_1',1),(306,15,'102','จริยธรรม',2567,'SEMESTER_1',1),(307,15,'102','ชุมนุม',2567,'SEMESTER_1',1),(308,15,'102','ลูกเสือ/ยุวกาชาด',2567,'SEMESTER_1',1),(309,15,'102','ศ20201',2567,'SEMESTER_1',4),(310,15,'102','แนะแนว',2567,'SEMESTER_1',1),(311,15,'102','โครงงาน',2567,'SEMESTER_1',1),(312,15,'103','ชุมนุม',2567,'SEMESTER_1',1),(313,15,'103','จริยธรรม',2567,'SEMESTER_1',1),(314,15,'103','ลูกเสือ/ยุวกาชาด',2567,'SEMESTER_1',1),(315,15,'103','แนะแนว',2567,'SEMESTER_1',1),(316,15,'103','โครงงาน',2567,'SEMESTER_1',1),(317,15,'103','ศ20201',2567,'SEMESTER_1',4),(318,16,'101','จริยธรรม',2567,'SEMESTER_1',1),(319,16,'101','ชุมนุม',2567,'SEMESTER_1',1),(320,16,'101','ลูกเสือ/ยุวกาชาด',2567,'SEMESTER_1',1),(321,16,'101','ศ20201',2567,'SEMESTER_1',4),(322,16,'101','แนะแนว',2567,'SEMESTER_1',1),(323,16,'101','โครงงาน',2567,'SEMESTER_1',1),(324,16,'102','ชุมนุม',2567,'SEMESTER_1',1),(325,16,'102','จริยธรรม',2567,'SEMESTER_1',1),(326,16,'102','ลูกเสือ/ยุวกาชาด',2567,'SEMESTER_1',1),(327,16,'102','แนะแนว',2567,'SEMESTER_1',1),(328,16,'102','โครงงาน',2567,'SEMESTER_1',1),(329,16,'102','ศ20201',2567,'SEMESTER_1',4),(330,16,'103','ชุมนุม',2567,'SEMESTER_1',1),(331,16,'103','ลูกเสือ/ยุวกาชาด',2567,'SEMESTER_1',1),(332,16,'103','จริยธรรม',2567,'SEMESTER_1',1),(333,16,'103','ศ20201',2567,'SEMESTER_1',4),(334,16,'103','แนะแนว',2567,'SEMESTER_1',1),(335,16,'103','โครงงาน',2567,'SEMESTER_1',1),(336,19,'101','ชุมนุม',2567,'SEMESTER_1',1),(337,19,'101','ลูกเสือ/ยุวกาชาด',2567,'SEMESTER_1',1),(338,19,'101','ศ20201',2567,'SEMESTER_1',4),(339,19,'101','จริยธรรม',2567,'SEMESTER_1',1),(340,19,'101','แนะแนว',2567,'SEMESTER_1',1),(341,19,'101','โครงงาน',2567,'SEMESTER_1',1),(342,21,'101','จริยธรรม',2567,'SEMESTER_1',1),(343,21,'101','ชุมนุม',2567,'SEMESTER_1',1),(344,21,'101','ลูกเสือ/ยุวกาชาด',2567,'SEMESTER_1',1),(345,21,'101','แนะแนว',2567,'SEMESTER_1',1),(346,21,'101','ศ20201',2567,'SEMESTER_1',4),(347,21,'101','โครงงาน',2567,'SEMESTER_1',1),(348,21,'102','จริยธรรม',2567,'SEMESTER_1',1),(349,21,'102','ชุมนุม',2567,'SEMESTER_1',1),(350,21,'102','ลูกเสือ/ยุวกาชาด',2567,'SEMESTER_1',1),(351,21,'102','ศ20201',2567,'SEMESTER_1',4),(352,21,'102','แนะแนว',2567,'SEMESTER_1',1),(353,21,'102','โครงงาน',2567,'SEMESTER_1',1),(354,21,'103','ชุมนุม',2567,'SEMESTER_1',1),(355,21,'103','จริยธรรม',2567,'SEMESTER_1',1),(356,21,'103','ลูกเสือ/ยุวกาชาด',2567,'SEMESTER_1',1),(357,21,'103','แนะแนว',2567,'SEMESTER_1',1),(358,21,'103','โครงงาน',2567,'SEMESTER_1',1),(359,21,'103','ศ20201',2567,'SEMESTER_1',4),(360,23,'102','ชุมนุม',2567,'SEMESTER_1',1),(361,23,'102','ลูกเสือ/ยุวกาชาด',2567,'SEMESTER_1',1),(362,23,'102','ศ20201',2567,'SEMESTER_1',4),(363,23,'102','แนะแนว',2567,'SEMESTER_1',1),(364,25,'101','ชุมนุม',2567,'SEMESTER_1',1),(365,25,'101','จริยธรรม',2567,'SEMESTER_1',1),(366,25,'101','ลูกเสือ/ยุวกาชาด',2567,'SEMESTER_1',1),(367,25,'101','แนะแนว',2567,'SEMESTER_1',1),(368,25,'101','โครงงาน',2567,'SEMESTER_1',1),(369,25,'101','ศ20201',2567,'SEMESTER_1',4),(370,25,'102','จริยธรรม',2567,'SEMESTER_1',1),(371,25,'102','ชุมนุม',2567,'SEMESTER_1',1),(372,25,'102','ลูกเสือ/ยุวกาชาด',2567,'SEMESTER_1',1),(373,25,'102','แนะแนว',2567,'SEMESTER_1',1),(374,25,'102','โครงงาน',2567,'SEMESTER_1',1),(375,25,'102','ศ20201',2567,'SEMESTER_1',4),(376,25,'103','ชุมนุม',2567,'SEMESTER_1',1),(377,25,'103','ลูกเสือ/ยุวกาชาด',2567,'SEMESTER_1',1),(378,25,'103','จริยธรรม',2567,'SEMESTER_1',1),(379,25,'103','ศ20201',2567,'SEMESTER_1',4),(380,25,'103','แนะแนว',2567,'SEMESTER_1',1),(381,25,'103','โครงงาน',2567,'SEMESTER_1',1),(382,27,'101','จริยธรรม',2567,'SEMESTER_1',1),(383,27,'101','ชุมนุม',2567,'SEMESTER_1',1),(384,27,'101','ลูกเสือ/ยุวกาชาด',2567,'SEMESTER_1',1),(385,27,'101','ศ20201',2567,'SEMESTER_1',4),(386,27,'101','แนะแนว',2567,'SEMESTER_1',1),(387,27,'101','โครงงาน',2567,'SEMESTER_1',1),(388,27,'102','ศ20201',2567,'SEMESTER_1',4),(389,27,'102','ชุมนุม',2567,'SEMESTER_1',1),(390,27,'102','ลูกเสือ/ยุวกาชาด',2567,'SEMESTER_1',1),(391,27,'102','แนะแนว',2567,'SEMESTER_1',1),(392,27,'102','โครงงาน',2567,'SEMESTER_1',1),(393,27,'102','จริยธรรม',2567,'SEMESTER_1',1),(394,27,'103','ศ20201',2567,'SEMESTER_1',4),(395,27,'103','จริยธรรม',2567,'SEMESTER_1',1),(396,27,'103','ชุมนุม',2567,'SEMESTER_1',1),(397,27,'103','ลูกเสือ/ยุวกาชาด',2567,'SEMESTER_1',1),(398,27,'103','แนะแนว',2567,'SEMESTER_1',1),(399,27,'103','โครงงาน',2567,'SEMESTER_1',1),(400,35,'101','ลูกเสือ/ยุวกาชาด',2567,'SEMESTER_1',1),(401,35,'101','จริยธรรม',2567,'SEMESTER_1',1),(402,35,'101','ศ20201',2567,'SEMESTER_1',4),(403,35,'101','ชุมนุม',2567,'SEMESTER_1',1),(404,35,'101','แนะแนว',2567,'SEMESTER_1',1),(405,35,'101','โครงงาน',2567,'SEMESTER_1',1),(406,35,'102','ศ20201',2567,'SEMESTER_1',4),(407,35,'102','ลูกเสือ/ยุวกาชาด',2567,'SEMESTER_1',1),(408,35,'102','จริยธรรม',2567,'SEMESTER_1',1),(409,35,'102','ชุมนุม',2567,'SEMESTER_1',1),(410,35,'102','แนะแนว',2567,'SEMESTER_1',1),(411,35,'102','โครงงาน',2567,'SEMESTER_1',1),(412,35,'103','จริยธรรม',2567,'SEMESTER_1',1),(413,35,'103','ชุมนุม',2567,'SEMESTER_1',1),(414,35,'103','ลูกเสือ/ยุวกาชาด',2567,'SEMESTER_1',1),(415,35,'103','ศ20201',2567,'SEMESTER_1',4),(416,35,'103','แนะแนว',2567,'SEMESTER_1',1),(417,35,'103','โครงงาน',2567,'SEMESTER_1',1),(5820,10,'101','ทดสอบล็อก',2567,'SEMESTER_1',2),(5821,10,'102','ทดสอบล็อก',2567,'SEMESTER_1',2),(6281,3,'101','ชุมนุม2',2566,'SEMESTER_2',1),(6282,3,'101','ท21102',2566,'SEMESTER_2',3),(6283,3,'102','ชุมนุม2',2566,'SEMESTER_2',1),(6284,3,'102','ท21102',2566,'SEMESTER_2',3),(6285,3,'103','ชุมนุม2',2566,'SEMESTER_2',1),(6286,3,'103','ท21102',2566,'SEMESTER_2',3);
/*!40000 ALTER TABLE `teachers_responsibility` ENABLE KEYS */;
UNLOCK TABLES;

--
-- Table structure for table `timeslot`
--

DROP TABLE IF EXISTS `timeslot`;
/*!40101 SET @saved_cs_client     = @@character_set_client */;
/*!50503 SET character_set_client = utf8mb4 */;
CREATE TABLE `timeslot` (
  `TimeslotID` varchar(191) COLLATE utf8mb4_unicode_ci NOT NULL,
  `AcademicYear` int NOT NULL,
  `Semester` enum('SEMESTER_1','SEMESTER_2') COLLATE utf8mb4_unicode_ci NOT NULL,
  `StartTime` time NOT NULL,
  `EndTime` time NOT NULL,
  `Breaktime` enum('BREAK_JUNIOR','BREAK_SENIOR','BREAK_BOTH','NOT_BREAK') COLLATE utf8mb4_unicode_ci NOT NULL,
  `DayOfWeek` enum('MON','TUE','WED','THU','FRI','SAT','SUN') COLLATE utf8mb4_unicode_ci NOT NULL,
  PRIMARY KEY (`TimeslotID`)
) ENGINE=InnoDB DEFAULT CHARSET=utf8mb4 COLLATE=utf8mb4_unicode_ci;
/*!40101 SET character_set_client = @saved_cs_client */;

--
-- Dumping data for table `timeslot`
--

LOCK TABLES `timeslot` WRITE;
/*!40000 ALTER TABLE `timeslot` DISABLE KEYS */;
INSERT INTO `timeslot` VALUES ('1/2567-FRI1',2567,'SEMESTER_1','08:30:00','09:20:00','NOT_BREAK','FRI'),('1/2567-FRI2',2567,'SEMESTER_1','09:20:00','10:10:00','NOT_BREAK','FRI'),('1/2567-FRI3',2567,'SEMESTER_1','10:20:00','11:10:00','NOT_BREAK','FRI'),('1/2567-FRI4',2567,'SEMESTER_1','11:10:00','12:00:00','NOT_BREAK','FRI'),('1/2567-FRI5',2567,'SEMESTER_1','12:00:00','12:50:00','BREAK_BOTH','FRI'),('1/2567-FRI6',2567,'SEMESTER_1','12:50:00','13:40:00','NOT_BREAK','FRI'),('1/2567-FRI7',2567,'SEMESTER_1','13:40:00','14:30:00','NOT_BREAK','FRI'),('1/2567-FRI8',2567,'SEMESTER_1','14:30:00','15:20:00','NOT_BREAK','FRI'),('1/2567-FRI9',2567,'SEMESTER_1','15:20:00','16:10:00','NOT_BREAK','FRI'),('1/2567-MON1',2567,'SEMESTER_1','08:30:00','09:20:00','NOT_BREAK','MON'),('1/2567-MON2',2567,'SEMESTER_1','09:20:00','10:10:00','NOT_BREAK','MON'),('1/2567-MON3',2567,'SEMESTER_1','10:20:00','11:10:00','NOT_BREAK','MON'),('1/2567-MON4',2567,'SEMESTER_1','11:10:00','12:00:00','NOT_BREAK','MON'),('1/2567-MON5',2567,'SEMESTER_1','12:00:00','12:50:00','BREAK_BOTH','MON'),('1/2567-MON6',2567,'SEMESTER_1','12:50:00','13:40:00','NOT_BREAK','MON'),('1/2567-MON7',2567,'SEMESTER_1','13:40:00','14:30:00','NOT_BREAK','MON'),('1/2567-MON8',2567,'SEMESTER_1','14:30:00','15:20:00','NOT_BREAK','MON'),('1/2567-MON9',2567,'SEMESTER_1','15:20:00','16:10:00','NOT_BREAK','MON'),('1/2567-THU1',2567,'SEMESTER_1','08:30:00','09:20:00','NOT_BREAK','THU'),('1/2567-THU2',2567,'SEMESTER_1','09:20:00','10:10:00','NOT_BREAK','THU'),('1/2567-THU3',2567,'SEMESTER_1','10:20:00','11:10:00','NOT_BREAK','THU'),('1/2567-THU4',2567,'SEMESTER_1','11:10:00','12:00:00','NOT_BREAK','THU'),('1/2567-THU5',2567,'SEMESTER_1','12:00:00','12:50:00','BREAK_BOTH','THU'),('1/2567-THU6',2567,'SEMESTER_1','12:50:00','13:40:00','NOT_BREAK','THU'),('1/2567-THU7',2567,'SEMESTER_1','13:40:00','14:30:00','NOT_BREAK','THU'),('1/2567-THU8',2567,'SEMESTER_1','14:30:00','15:20:00','NOT_BREAK','THU'),('1/2567-THU9',2567,'SEMESTER_1','15:20:00','16:10:00','NOT_BREAK','THU'),('1/2567-TUE1',2567,'SEMESTER_1','08:30:00','09:20:00','NOT_BREAK','TUE'),('1/2567-TUE2',2567,'SEMESTER_1','09:20:00','10:10:00','NOT_BREAK','TUE'),('1/2567-TUE3',2567,'SEMESTER_1','10:20:00','11:10:00','NOT_BREAK','TUE'),('1/2567-TUE4',2567,'SEMESTER_1','11:10:00','12:00:00','NOT_BREAK','TUE'),('1/2567-TUE5',2567,'SEMESTER_1','12:00:00','12:50:00','BREAK_BOTH','TUE'),('1/2567-TUE6',2567,'SEMESTER_1','12:50:00','13:40:00','NOT_BREAK','TUE'),('1/2567-TUE7',2567,'SEMESTER_1','13:40:00','14:30:00','NOT_BREAK','TUE'),('1/2567-TUE8',2567,'SEMESTER_1','14:30:00','15:20:00','NOT_BREAK','TUE'),('1/2567-TUE9',2567,'SEMESTER_1','15:20:00','16:10:00','NOT_BREAK','TUE'),('1/2567-WED1',2567,'SEMESTER_1','08:30:00','09:20:00','NOT_BREAK','WED'),('1/2567-WED2',2567,'SEMESTER_1','09:20:00','10:10:00','NOT_BREAK','WED'),('1/2567-WED3',2567,'SEMESTER_1','10:20:00','11:10:00','NOT_BREAK','WED'),('1/2567-WED4',2567,'SEMESTER_1','11:10:00','12:00:00','NOT_BREAK','WED'),('1/2567-WED5',2567,'SEMESTER_1','12:00:00','12:50:00','BREAK_BOTH','WED'),('1/2567-WED6',2567,'SEMESTER_1','12:50:00','13:40:00','NOT_BREAK','WED'),('1/2567-WED7',2567,'SEMESTER_1','13:40:00','14:30:00','NOT_BREAK','WED'),('1/2567-WED8',2567,'SEMESTER_1','14:30:00','15:20:00','NOT_BREAK','WED'),('1/2567-WED9',2567,'SEMESTER_1','15:20:00','16:10:00','NOT_BREAK','WED'),('2/2566-FRI1',2566,'SEMESTER_2','08:30:00','09:20:00','NOT_BREAK','FRI'),('2/2566-FRI2',2566,'SEMESTER_2','09:20:00','10:10:00','NOT_BREAK','FRI'),('2/2566-FRI3',2566,'SEMESTER_2','10:20:00','11:10:00','NOT_BREAK','FRI'),('2/2566-FRI4',2566,'SEMESTER_2','11:10:00','12:00:00','NOT_BREAK','FRI'),('2/2566-FRI5',2566,'SEMESTER_2','12:00:00','12:50:00','BREAK_BOTH','FRI'),('2/2566-FRI6',2566,'SEMESTER_2','12:50:00','13:40:00','NOT_BREAK','FRI'),('2/2566-FRI7',2566,'SEMESTER_2','13:40:00','14:30:00','NOT_BREAK','FRI'),('2/2566-FRI8',2566,'SEMESTER_2','14:30:00','15:20:00','NOT_BREAK','FRI'),('2/2566-FRI9',2566,'SEMESTER_2','15:20:00','16:10:00','NOT_BREAK','FRI'),('2/2566-MON1',2566,'SEMESTER_2','08:30:00','09:20:00','NOT_BREAK','MON'),('2/2566-MON2',2566,'SEMESTER_2','09:20:00','10:10:00','NOT_BREAK','MON'),('2/2566-MON3',2566,'SEMESTER_2','10:20:00','11:10:00','NOT_BREAK','MON'),('2/2566-MON4',2566,'SEMESTER_2','11:10:00','12:00:00','NOT_BREAK','MON'),('2/2566-MON5',2566,'SEMESTER_2','12:00:00','12:50:00','BREAK_BOTH','MON'),('2/2566-MON6',2566,'SEMESTER_2','12:50:00','13:40:00','NOT_BREAK','MON'),('2/2566-MON7',2566,'SEMESTER_2','13:40:00','14:30:00','NOT_BREAK','MON'),('2/2566-MON8',2566,'SEMESTER_2','14:30:00','15:20:00','NOT_BREAK','MON'),('2/2566-MON9',2566,'SEMESTER_2','15:20:00','16:10:00','NOT_BREAK','MON'),('2/2566-THU1',2566,'SEMESTER_2','08:30:00','09:20:00','NOT_BREAK','THU'),('2/2566-THU2',2566,'SEMESTER_2','09:20:00','10:10:00','NOT_BREAK','THU'),('2/2566-THU3',2566,'SEMESTER_2','10:20:00','11:10:00','NOT_BREAK','THU'),('2/2566-THU4',2566,'SEMESTER_2','11:10:00','12:00:00','NOT_BREAK','THU'),('2/2566-THU5',2566,'SEMESTER_2','12:00:00','12:50:00','BREAK_BOTH','THU'),('2/2566-THU6',2566,'SEMESTER_2','12:50:00','13:40:00','NOT_BREAK','THU'),('2/2566-THU7',2566,'SEMESTER_2','13:40:00','14:30:00','NOT_BREAK','THU'),('2/2566-THU8',2566,'SEMESTER_2','14:30:00','15:20:00','NOT_BREAK','THU'),('2/2566-THU9',2566,'SEMESTER_2','15:20:00','16:10:00','NOT_BREAK','THU'),('2/2566-TUE1',2566,'SEMESTER_2','08:30:00','09:20:00','NOT_BREAK','TUE'),('2/2566-TUE2',2566,'SEMESTER_2','09:20:00','10:10:00','NOT_BREAK','TUE'),('2/2566-TUE3',2566,'SEMESTER_2','10:20:00','11:10:00','NOT_BREAK','TUE'),('2/2566-TUE4',2566,'SEMESTER_2','11:10:00','12:00:00','NOT_BREAK','TUE'),('2/2566-TUE5',2566,'SEMESTER_2','12:00:00','12:50:00','BREAK_BOTH','TUE'),('2/2566-TUE6',2566,'SEMESTER_2','12:50:00','13:40:00','NOT_BREAK','TUE'),('2/2566-TUE7',2566,'SEMESTER_2','13:40:00','14:30:00','NOT_BREAK','TUE'),('2/2566-TUE8',2566,'SEMESTER_2','14:30:00','15:20:00','NOT_BREAK','TUE'),('2/2566-TUE9',2566,'SEMESTER_2','15:20:00','16:10:00','NOT_BREAK','TUE'),('2/2566-WED1',2566,'SEMESTER_2','08:30:00','09:20:00','NOT_BREAK','WED'),('2/2566-WED2',2566,'SEMESTER_2','09:20:00','10:10:00','NOT_BREAK','WED'),('2/2566-WED3',2566,'SEMESTER_2','10:20:00','11:10:00','NOT_BREAK','WED'),('2/2566-WED4',2566,'SEMESTER_2','11:10:00','12:00:00','NOT_BREAK','WED'),('2/2566-WED5',2566,'SEMESTER_2','12:00:00','12:50:00','BREAK_BOTH','WED'),('2/2566-WED6',2566,'SEMESTER_2','12:50:00','13:40:00','NOT_BREAK','WED'),('2/2566-WED7',2566,'SEMESTER_2','13:40:00','14:30:00','NOT_BREAK','WED'),('2/2566-WED8',2566,'SEMESTER_2','14:30:00','15:20:00','NOT_BREAK','WED'),('2/2566-WED9',2566,'SEMESTER_2','15:20:00','16:10:00','NOT_BREAK','WED');
/*!40000 ALTER TABLE `timeslot` ENABLE KEYS */;
UNLOCK TABLES;
SET @@SESSION.SQL_LOG_BIN = @MYSQLDUMP_TEMP_LOG_BIN;
/*!40103 SET TIME_ZONE=@OLD_TIME_ZONE */;

/*!40101 SET SQL_MODE=@OLD_SQL_MODE */;
/*!40014 SET FOREIGN_KEY_CHECKS=@OLD_FOREIGN_KEY_CHECKS */;
/*!40014 SET UNIQUE_CHECKS=@OLD_UNIQUE_CHECKS */;
/*!40101 SET CHARACTER_SET_CLIENT=@OLD_CHARACTER_SET_CLIENT */;
/*!40101 SET CHARACTER_SET_RESULTS=@OLD_CHARACTER_SET_RESULTS */;
/*!40101 SET COLLATION_CONNECTION=@OLD_COLLATION_CONNECTION */;
/*!40111 SET SQL_NOTES=@OLD_SQL_NOTES */;

-- Dump completed on 2024-04-02 23:05:26
